video_id,fetch_date,rank_today,view_count,like_count,comment_count
0MfMztBIeKY,2025-09-21,1,3430773,272439,7301
uSXJIbT2Up0,2025-09-21,2,895119,17744,185
7w5yqPGz5S8,2025-09-21,3,8749034,980938,282345
WsllF4THOYk,2025-09-21,4,11214905,337504,16181
zdu0YzzJ10o,2025-09-21,5,12429919,206559,4129
kanwMIteR4M,2025-09-21,6,1287894,32150,38
Cn-oMqMhoVE,2025-09-21,7,354599,8517,2229
Dq_Sc85-oyY,2025-09-21,8,802029,5781,131
NPo3hQHZKIM,2025-09-21,9,1754274,18458,104
on2zG57eypQ,2025-09-21,10,305113,1880,32
zHVtd-g0dPg,2025-09-21,11,2868093,62386,1936
ARvhnjlCPTw,2025-09-21,12,2018465,169893,1291
gI8NWRCVLyE,2025-09-21,13,366760,17116,639
BSsT6CzQpk8,2025-09-21,14,185604,2874,35
3Lf9K9CKiXE,2025-09-21,15,2196237,113443,1161
-hZIVX0iv9w,2025-09-21,16,2983293,62560,2084
lomrvBJm_lA,2025-09-21,17,149329,5411,582
Znh-JmXcnbw,2025-09-21,18,1004016,13249,754
aXWHyDHPwDc,2025-09-21,19,1002641,7494,316
_8k8b6EDq6I,2025-09-21,20,239292,16592,1711
Wiu9d6Vujv8,2025-09-21,21,531652,23208,3637
Rfx7HKuUc8Y,2025-09-21,22,721800,130124,11299
1NC4d_eAHto,2025-09-21,23,223251,11051,598
ZqeOEmTiDrM,2025-09-21,24,993692,54675,849
ckMYr9pq3oQ,2025-09-21,25,45982,465,31
k18AR2aQjS8,2025-09-21,26,266331,7878,0
npNmyb-qqGw,2025-09-21,27,10663221,386205,11515
MuGWOtFKTLw,2025-09-21,28,136418,859,23
VmNIhlOL63k,2025-09-21,29,365325,12769,542
fUs9sJL-0Ck,2025-09-21,30,304654,5305,231
Q8nPWsfOEog,2025-09-21,31,616317,2590,44
cPRrlwzjIuo,2025-09-21,32,198843,7729,57
SYAwNR5NQV0,2025-09-21,33,459985,5948,561
2aTFtB6OEdA,2025-09-21,34,131376,1196,52
XpuYP1lBvJk,2025-09-21,35,1059871,35224,3061
QES3536XR1c,2025-09-21,36,1279121,11932,2
twVpWwyGcx0,2025-09-21,37,141487,830,16
joELjYOe0iY,2025-09-21,38,119986,3483,25
BfdsDy31fDk,2025-09-21,39,718844,3259,0
DI3gOn-FVqU,2025-09-21,40,131617,2223,306
C6y2F4vIMHo,2025-09-21,41,17588,255,2
9YB6MUQh2Jc,2025-09-21,42,1536559,69231,7035
yG1ngGJAREY,2025-09-21,43,164476,6900,424
fsRZmbUwYLQ,2025-09-21,44,130968,0,79
RUd6ElRaOv0,2025-09-21,45,164896,473,11
8e1S7Y5KAFM,2025-09-21,46,20604220,266006,14054
f7NdjwEuEKw,2025-09-21,47,107964,7100,258
-BKUiCSGGq4,2025-09-21,48,386002,28056,2628
6OsqXOJnJ8E,2025-09-21,49,364818,18604,667
u7OxDaU_qcA,2025-09-21,50,723967,17793,908
qpmTaLotgpg,2025-09-21,51,447148,26343,47
95T7s-QmLMM,2025-09-21,52,147979,1820,199
cY_roJuNNqk,2025-09-21,53,26534,512,36
_EnPIotPuiI,2025-09-21,54,216528,5250,1313
G8g0ertPvHQ,2025-09-21,55,1330459,39048,828
lHq0-Qt-RL4,2025-09-21,56,34634,2655,66
wSca7At3Wxw,2025-09-21,57,120054,1616,27
Kfjwtz1RaY0,2025-09-21,58,134157,2458,261
f0oSYQzlt_E,2025-09-21,59,43093,4105,311
mUUVBCsS8ZY,2025-09-21,60,117189,561,27
J6BRK0pndWI,2025-09-21,61,1561494,48041,20967
FZTXdeVfpdI,2025-09-21,62,34973,2154,350
aP1_j3XUFRQ,2025-09-21,63,341237,49943,1018
mzf-J-49pzk,2025-09-21,64,80677,672,23
mwwzisLeDwM,2025-09-21,65,2389879,29997,1043
A0QIO1MB2qU,2025-09-21,66,147412,13769,32
BJbgZyHTptc,2025-09-21,67,3790561,55053,4117
ji50sfFMbNY,2025-09-21,68,506693,6005,201
KSB-TI7rNz0,2025-09-21,69,811795,63880,842
IPimdCeJCWs,2025-09-21,70,188644,4415,292
8lv-bt03xJQ,2025-09-21,71,136528,4016,24
RiHXoX9DUaA,2025-09-21,72,748691,0,19
HM4WhypFDhE,2025-09-21,73,217034,9224,775
VAsbhUMXL8o,2025-09-21,74,29293,339,11
LARYw3YOp4M,2025-09-21,75,566534,27206,2708
8mIvwOLbe6I,2025-09-21,76,213004,11044,1503
0-cVgh5602I,2025-09-21,77,29176,4141,453
sWyjuge8iu8,2025-09-21,78,2804757,23321,1263
R2baXIbqF4Y,2025-09-21,79,3011777,111453,9992
SVbyUAKVNjg,2025-09-21,80,268337,1685,44
GAyGqGUR3XA,2025-09-21,81,675009,33891,63
XWAsv7FLREQ,2025-09-21,82,77801,802,26
ygpVRbqgI1A,2025-09-21,83,38641,825,85
o_immGSV2Og,2025-09-21,84,288049,22519,2549
e37E_55_6Pc,2025-09-21,85,70431,399,25
sccm5P0AUbs,2025-09-21,86,69190,1070,11
Y4WA3i23dpQ,2025-09-21,87,94774,0,8
7KeHSAfQghU,2025-09-21,88,230496,5126,75
9FUd-D4FWjw,2025-09-21,89,27520658,274915,17143
ofKBvGIVqDI,2025-09-21,90,75654,4144,414
O0p4NIgd72c,2025-09-21,91,188091,17147,1839
az8M5Mai0X4,2025-09-21,92,3111872,77772,7549
ki2VqbwPhfQ,2025-09-21,93,5176091,121659,5691
8QriW4qX_lg,2025-09-21,94,1528536,74585,1395
EO5IvUWk9oI,2025-09-21,95,57158,1025,56
k-5R7GsEKFY,2025-09-21,96,101460,232,0
RCEbKX_mfQ8,2025-09-21,97,71800,345,11
CJikEjcZGok,2025-09-21,98,47650,1120,52
ogf4nk2fs9g,2025-09-21,99,755890,5807,6
eYS-4AmG-5E,2025-09-21,100,72074,453,44
1rahMByqNCA,2025-09-21,101,28414,2452,70
tGqlvoa2cGc,2025-09-21,102,1781741,42728,1063
S5rV-1OHrsw,2025-09-21,103,796068,16915,632
kyMmifosPU8,2025-09-21,104,22119,1607,202
NTAquQ9N3pI,2025-09-21,105,79600,476,6
VKAqA9DfxZY,2025-09-21,106,80551,2041,172
YEkZHNcieZc,2025-09-21,107,87160,492,4
rqrYB2SOU-E,2025-09-21,108,711977,4832,2
kdRynSEOMns,2025-09-21,109,1236769,34377,1470
GzA6yASqdK4,2025-09-21,110,22269,239,55
vpwv4k9yzXc,2025-09-21,111,42506,487,25
94fymafMAM8,2025-09-21,112,46647,345,8
4Z8lhxsNVdg,2025-09-21,113,27685,1125,71
UYUq4GJwh04,2025-09-21,114,271102,3902,279
MsxnfFhICM8,2025-09-21,115,186461,2651,165
aFFESENrwLA,2025-09-21,116,46159,2684,81
hLaViAUT0kM,2025-09-21,117,1643309,12378,120
tlKoUh_44v0,2025-09-21,118,239201,907,13
eT2lT-yXz_0,2025-09-21,119,155325,3402,8
Q9BMJl-MakE,2025-09-21,120,106065,928,23
MB_rRsio8gU,2025-09-21,121,337537,7637,1773
M7mYV1OSezg,2025-09-21,122,1948766,204608,40031
2UQYrNDP7EM,2025-09-21,123,351397,0,16
HnLaJJrTJYk,2025-09-21,124,28325,417,15
-FiVO2MyHzY,2025-09-21,125,468139,4197,267
TCY48ybLsBc,2025-09-21,126,60341,5548,429
ki17bHkfdYo,2025-09-21,127,241073,7332,826
C9V9ORJ6ltY,2025-09-21,128,2232871,53539,1177
9aLJJpVzGQ8,2025-09-21,129,62252,1338,5
7x0Pm3xqeNU,2025-09-21,130,33771,228,14
GWp4Ys6MRM0,2025-09-21,131,252344,9021,1566
QoFXnQPxrwo,2025-09-21,132,113976,701,51
vjtUbIgfLRM,2025-09-21,133,166373,5922,233
H4Im5cHHmcA,2025-09-21,134,67570,479,6
ksszy114t7w,2025-09-21,135,264721,22726,5308
JykECxKSC_8,2025-09-21,136,169289,3877,32
Or0S6CeVwms,2025-09-21,137,403576,8807,1204
ykOHrWCDE0c,2025-09-21,138,317851,1343,45
k4v6JMaW4Uk,2025-09-21,139,188101,3176,783
3zreux1sItQ,2025-09-21,140,37067,519,10
JmWYcZCrQv8,2025-09-21,141,59419,2308,427
phe3ZL2PycQ,2025-09-21,142,38471,412,18
mjCeoj7_QuY,2025-09-21,143,138141,613,15
O3FYXZZivYo,2025-09-21,144,23198,194,24
93_waHVgDFY,2025-09-21,145,435414,5519,200
CmXaL_VB7dE,2025-09-21,146,64631,337,12
LVzWdTIh_PY,2025-09-21,147,77263,3466,103
jx0XWNKdnWY,2025-09-21,148,64359,432,36
UMTlrCaAkfo,2025-09-21,149,112684,1345,214
A9MmKQOkinA,2025-09-21,150,32684,172,7
ThwZepAWZ4Q,2025-09-21,151,151820,566,27
3bj5JEsdUfE,2025-09-21,152,29538,125,7
wc1uyzg6f-I,2025-09-21,153,535464,15599,1618
rMLGKq6IxoA,2025-09-21,154,201581,1911,30
9l8fI0-QYq4,2025-09-21,155,264147,7247,828
Lpds2E73oyE,2025-09-21,156,73092,626,12
e7_mirh3Mqk,2025-09-21,157,2307392,74216,3637
Aiyk2vzlGO8,2025-09-21,158,2646051,74754,3394
7JU4TsjPpjk,2025-09-21,159,321025,6469,0
VZC76E9eQvo,2025-09-21,160,77497,774,66
H-fXIc9xfdk,2025-09-21,161,44452,1787,104
88qysmFwRhU,2025-09-21,162,172000,1662,200
BfCQh-O7gbA,2025-09-21,163,55773,221,5
eC2SO3WRxs0,2025-09-21,164,14051,60,3
7x38gon4Yhs,2025-09-21,165,152400,5138,1627
QskZ3n3Qoeo,2025-09-21,166,107581,1190,27
lqupHMw0ggs,2025-09-21,167,868086,3396,4
Jw64x4o0qjA,2025-09-21,168,25064,186,18
9Hok4ls0tMQ,2025-09-21,169,85667,1658,153
DTM75nYH5Gg,2025-09-21,170,18931,119,4
bHGJBSTdjlw,2025-09-21,171,50095,555,5
H8MLYgeluyI,2025-09-21,172,189756,2914,42
g8gVgbAPrPc,2025-09-21,173,72986,2708,409
gGSlK0kqk_g,2025-09-21,174,406876,3556,162
QXMKx_3lscw,2025-09-21,175,282627,3826,604
nnWZuBZTmjY,2025-09-21,176,33501,120,2
RVDq7tiadVw,2025-09-21,177,175301,4717,6
RPCInxVG4Yc,2025-09-21,178,34575,1000,117
Qt5r81TK7Yo,2025-09-21,179,57445,202,6
e8gEdsJdETE,2025-09-21,180,51989,1838,107
IaZ1UUFMAP0,2025-09-21,181,122739,11138,23
lFQictFaDW0,2025-09-21,182,286639,1655,22
2MaqPqAbbiA,2025-09-21,183,304331,3798,140
PfGmx3teQB8,2025-09-21,184,66006,1080,147
hSSZyrnwlis,2025-09-21,185,112391,2062,121
r_lxE7kF0Fo,2025-09-21,186,51102188,602403,246993
KTpW9czkBhk,2025-09-21,187,53323,4188,450
3WAOjgvoX6k,2025-09-21,188,828778,21418,897
deCBBo3Cmtk,2025-09-21,189,366816,8190,564
91suyujJBgc,2025-09-21,190,62240,593,9
rvTQawL6P4U,2025-09-21,191,115052,2133,4
v2Kt6UkkqgQ,2025-09-21,192,16165,81,1
ixnsT5EbRY0,2025-09-21,193,181336,6648,564
BHpzaWKUsvM,2025-09-21,194,26548,308,36
JPD5xe53Lng,2025-09-21,195,203261,14688,1467
gSRkr-EoDE0,2025-09-21,196,69566,600,23
eVbyCpe55Ok,2025-09-21,197,182794,8251,9
brhVIMs_G4s,2025-09-21,198,192035,1090,5
XBtFQFYsReU,2025-09-21,199,282861,3902,33
ljuA1pSFwg0,2025-09-21,200,19022,164,21
I-JMdev__Qc,2025-09-22,1,1734085,12206,698
_8J8LwoVH_0,2025-09-22,2,5889455,590600,22965
7w5yqPGz5S8,2025-09-22,3,9948790,1051632,345303
nz2SeP58Dc0,2025-09-22,4,704017,6716,591
axBF-4nNZ3s,2025-09-22,5,3528051,191382,3371
ERiRWRQQydg,2025-09-22,6,1867703,14466,10
9YrkXkdtHts,2025-09-22,7,565128,3805,199
QNYWpTmVj6w,2025-09-22,8,927946,15577,368
2bIT7WFdm-Q,2025-09-22,9,1148434,12962,5
ZWgkkzQv9Os,2025-09-22,10,829842,17173,1260
zdu0YzzJ10o,2025-09-22,11,13615503,229219,4599
C8AY--Qq5VA,2025-09-22,12,1168271,7050,4
0MfMztBIeKY,2025-09-22,13,3738910,276839,7379
uSXJIbT2Up0,2025-09-22,14,1083477,19258,194
Wiu9d6Vujv8,2025-09-22,15,1225969,37595,7526
Cn-oMqMhoVE,2025-09-22,16,829573,15019,2654
fdDrV7wM500,2025-09-22,17,343036,7833,208
f84cLYwSDV8,2025-09-22,18,878021,9257,7
981v5vd0Mik,2025-09-22,19,265861,2302,76
rvno67oeAW8,2025-09-22,20,138261,9612,412
kanwMIteR4M,2025-09-22,21,1408738,32864,79
PITfVREIkGw,2025-09-22,22,632730,6404,704
KpKQl0oKxes,2025-09-22,23,266795,9748,158
EGh0vkzP_tA,2025-09-22,24,659166,11566,1818
6Kb0m27nceM,2025-09-22,25,1067548,6211,170
GI_xkcZjvJ0,2025-09-22,26,75946,6956,193
kuATwygfkGE,2025-09-22,27,597918,5486,3
d9vNrZTFg3k,2025-09-22,28,103002,481,15
MbG8C_Xcv0o,2025-09-22,29,109632,7394,303
KTpW9czkBhk,2025-09-22,30,261735,14767,1384
WsllF4THOYk,2025-09-22,31,14198489,359003,18338
Dq_Sc85-oyY,2025-09-22,32,1079904,6804,144
NPo3hQHZKIM,2025-09-22,33,1758838,18413,246
cux9HnQjcUE,2025-09-22,34,162093,1637,129
vx-G2Tjocf4,2025-09-22,35,2702893,21382,1187
SYAwNR5NQV0,2025-09-22,36,700997,7677,783
aiS1hLCTWc4,2025-09-22,37,120976,1438,21
BSsT6CzQpk8,2025-09-22,38,425231,3840,38
SzqrQmF5a8U,2025-09-22,39,476127,0,6
Kfjwtz1RaY0,2025-09-22,40,1079492,13534,1217
ODnOijz8Sx8,2025-09-22,41,789956,14306,1
3Lf9K9CKiXE,2025-09-22,42,3092135,120092,2318
CS1wZYE9dH0,2025-09-22,43,269814,1297,16
5xJ60zvH0TU,2025-09-22,44,114509,8777,593
npNmyb-qqGw,2025-09-22,45,16839096,538689,15723
TLhvJsvzln0,2025-09-22,46,213018,12383,2245
cKkxGdZ_lcg,2025-09-22,47,147770,12668,675
0NZ8st3t5pk,2025-09-22,48,347040,1760,0
_oMG6ZLQOlA,2025-09-22,49,100288,849,44
6GUABg18iHA,2025-09-22,50,94657,8437,467
r4LgfmVZ1cY,2025-09-22,51,511541,5214,2
D8_utRiAenw,2025-09-22,52,87470,645,13
NRo0Arvy8z4,2025-09-22,53,176013,13088,586
ARvhnjlCPTw,2025-09-22,54,2101503,173406,1470
DxTUtCrwlPI,2025-09-22,55,242544,1602,133
nkrKSCUEGQk,2025-09-22,56,52923,6594,120
LT18AAVjFj4,2025-09-22,57,351486,20497,2004
T_fS3SADkuM,2025-09-22,58,222479,1369,59
zHVtd-g0dPg,2025-09-22,59,3402764,75560,1965
ZcYaeFaqpoY,2025-09-22,60,1337556,73723,946
A90YXoW0Uck,2025-09-22,61,65672,634,57
Lc-Y8Hx9quo,2025-09-22,62,218822,16908,876
xKuucszzKb8,2025-09-22,63,66677,438,9
eqzjTeIl228,2025-09-22,64,228193,3187,181
PHtA_VLIqYQ,2025-09-22,65,65726,9344,291
eG4e-25RdcI,2025-09-22,66,163606,974,6
MRYhfZK2l08,2025-09-22,67,362369,1873,31
SzG_H0JbsrA,2025-09-22,68,44364,3329,109
JntKOmbMI08,2025-09-22,69,5385627,120299,4645
CsPSlYQ1D0c,2025-09-22,70,246401,1501,29
hI6zdcc5LVg,2025-09-22,71,100208,9384,384
wSca7At3Wxw,2025-09-22,72,219164,2743,46
HL2vy2XLu60,2025-09-22,73,126882,587,29
8YhRkrEF9X8,2025-09-22,74,158974,13750,538
NIy4i22dX7Q,2025-09-22,75,435854,6026,0
CRaxp-bXxYI,2025-09-22,76,89053,694,48
VO67skGnU14,2025-09-22,77,33838,4510,156
ixQGUWlxNkc,2025-09-22,78,421640,24709,72
MuGWOtFKTLw,2025-09-22,79,302671,1517,33
ibzsyJ691is,2025-09-22,80,95534,4493,189
3s1gy2vpOBs,2025-09-22,81,486880,28081,29
VMudpklXvsg,2025-09-22,82,81782,7596,544
k18AR2aQjS8,2025-09-22,83,452527,10774,0
Wkr93whusCg,2025-09-22,84,407851,24391,2965
zO69l39VRe0,2025-09-22,85,54904,486,7
Zo82Mz6S6h4,2025-09-22,86,89424,2620,33
WWn5q3b2bLc,2025-09-22,87,806839,61834,597
34hBq7E2SlQ,2025-09-22,88,100535,1769,67
jYf0T503fTY,2025-09-22,89,31615,2354,97
_EnPIotPuiI,2025-09-22,90,372979,5686,1464
aoHEKJDsbN8,2025-09-22,91,65630,551,13
_8k8b6EDq6I,2025-09-22,92,320449,18887,2062
-BKUiCSGGq4,2025-09-22,93,629270,36564,4535
Lpds2E73oyE,2025-09-22,94,263662,1669,28
QkCQ5JfbJWw,2025-09-22,95,44327,581,16
pRSGlyGfrOE,2025-09-22,96,572190,56472,1369
rmcbOAJCvzc,2025-09-22,97,126384,3246,138
PuPT6ehcuR0,2025-09-22,98,46377,3825,310
fUs9sJL-0Ck,2025-09-22,99,392732,6393,270
u9zIcKbtedQ,2025-09-22,100,148070,2328,99
SLf7tv6WbPE,2025-09-22,101,33941,2291,211
UMTlrCaAkfo,2025-09-22,102,244031,2346,537
8DXkCd6WKVY,2025-09-22,103,114117,907,42
lHq0-Qt-RL4,2025-09-22,104,150375,5358,114
ki17bHkfdYo,2025-09-22,105,391799,9219,991
nJ2Aq3rS65s,2025-09-22,106,130792,1327,99
1NC4d_eAHto,2025-09-22,107,271448,12582,752
ksszy114t7w,2025-09-22,108,461829,30837,7468
yG1ngGJAREY,2025-09-22,109,399879,12869,722
0-cVgh5602I,2025-09-22,110,92946,8752,745
oSonDxVirxo,2025-09-22,111,40372,451,7
gI8NWRCVLyE,2025-09-22,112,498420,20465,728
_WFapr58ChY,2025-09-22,113,53536,2552,146
3kwBEQftQak,2025-09-22,114,323827,8145,2548
W1AaUZJK0_U,2025-09-22,115,153336,1694,119
CN39jrBFaPM,2025-09-22,116,35127,1064,48
9aLJJpVzGQ8,2025-09-22,117,161121,2986,12
mzf-J-49pzk,2025-09-22,118,184117,1366,33
CUbbM-Od5F4,2025-09-22,119,22644,2240,199
FC0s6_Cud-Y,2025-09-22,120,596246,7938,0
SeVtBtnSsBY,2025-09-22,121,44232,684,20
yFgiGL5s2f4,2025-09-22,122,29918,2258,96
RQh5kwhbij8,2025-09-22,123,346914,10803,8
PpmbHWboYKE,2025-09-22,124,37762,169,5
VmNIhlOL63k,2025-09-22,125,394723,13343,558
mUUVBCsS8ZY,2025-09-22,126,202500,878,42
Rz4cr4juhxg,2025-09-22,127,149982,1079,48
Svl5wDgzvc8,2025-09-22,128,24136,1299,121
O8Xi8mdici8,2025-09-22,129,89781,1528,201
0b_vOSzqNw0,2025-09-22,130,73804,453,26
SxZrCoW0KXI,2025-09-22,131,41923,1788,131
ePHnjkaMykY,2025-09-22,132,248273,3581,232
H_dINTlM0z8,2025-09-22,133,82624,788,41
-HXPo63114o,2025-09-22,134,299152,4985,33
o_immGSV2Og,2025-09-22,135,464038,29249,5204
iso8VE9si8I,2025-09-22,136,42483,397,13
L1DS8BOcl5o,2025-09-22,137,91988,8058,348
smXhYTTmbK8,2025-09-22,138,153347,4063,1073
8fBTZ9Vl91U,2025-09-22,139,111618,21220,1410
a6vx1RjZpTo,2025-09-22,140,25371,1751,66
LVzWdTIh_PY,2025-09-22,141,171658,5439,146
bTIcLi2rBRI,2025-09-22,142,84864,1511,128
UGQby4k-RcM,2025-09-22,143,35908,2497,107
TC6jNx67mck,2025-09-22,144,79509,8369,1627
TbTDCRTcfEM,2025-09-22,145,91774,446,5
uozAkLLdLL8,2025-09-22,146,20415,2307,93
VslLcyRgnyg,2025-09-22,147,241072,2243,0
moGdbG5PgkE,2025-09-22,148,62101,480,10
Zrqqh3aRDAw,2025-09-22,149,40354,2418,262
hdLBCIZd_u4,2025-09-22,150,469372,3547,0
gf5d7LVDIro,2025-09-22,151,36651,297,32
Yi0lUQtC-Rc,2025-09-22,152,24049,1296,35
RUd6ElRaOv0,2025-09-22,153,278294,723,20
elAj2Ndy9TU,2025-09-22,154,71406,259,11
OlftxAfh04I,2025-09-22,155,95131,1545,33
Id7JlGFxZ1s,2025-09-22,156,599041,57040,1199
NkBkrVPJQ1M,2025-09-22,157,63256,357,12
6zDccQes4nk,2025-09-22,158,15142,2100,65
o4f_UrSrMZo,2025-09-22,159,46315,1002,127
XWAsv7FLREQ,2025-09-22,160,176241,1441,45
b_Zc3vLTC2E,2025-09-22,161,22812,1041,198
02RiTP46Om8,2025-09-22,162,135017,578,9
l5hGFqook-Y,2025-09-22,163,15719,164,5
DSOnt-DTEss,2025-09-22,164,11444,1383,36
ss8a-RSu_5E,2025-09-22,165,199980,4018,407
8YqJdpX6hig,2025-09-22,166,90188,1608,142
VAsbhUMXL8o,2025-09-22,167,65335,543,21
9YB6MUQh2Jc,2025-09-22,168,1704091,72489,8981
Zp7NzGsgD3s,2025-09-22,169,520458,7987,339
mk3mdx5d-kw,2025-09-22,170,19933,1115,23
ThwZepAWZ4Q,2025-09-22,171,332376,790,34
0R_XImgLu_Q,2025-09-22,172,87008,845,48
kM_9-pYY5MA,2025-09-22,173,18623,2044,107
-w0zAiY72nQ,2025-09-22,174,151957,1643,16
r91V_RJIzNM,2025-09-22,175,122681,4373,189
HXPs6Oq7fYo,2025-09-22,176,106524,7430,600
iOVbzSpiemo,2025-09-22,177,63504,367,37
XMivyWoPzRY,2025-09-22,178,152533,3823,21
Q8nPWsfOEog,2025-09-22,179,903812,3403,52
bUd6raeDhwc,2025-09-22,180,116762,1082,3
e37E_55_6Pc,2025-09-22,181,172845,855,40
GHjWbA3C1gs,2025-09-22,182,86892,4709,247
LQUZk8tZNdg,2025-09-22,183,37390,247,21
hSSZyrnwlis,2025-09-22,184,218721,3222,196
8mIvwOLbe6I,2025-09-22,185,375244,19055,2617
vpwv4k9yzXc,2025-09-22,186,69974,707,66
mSRgCIXc3Bs,2025-09-22,187,35376,177,2
ofKBvGIVqDI,2025-09-22,188,100656,4850,449
DI3gOn-FVqU,2025-09-22,189,186252,3034,368
lNW5fyYhwC0,2025-09-22,190,105175,11469,1177
twVpWwyGcx0,2025-09-22,191,198428,1109,18
2MaqPqAbbiA,2025-09-22,192,423210,4645,182
kEj8hN-O_Fc,2025-09-22,193,123194,5692,441
nGIxJBCbrbI,2025-09-22,194,313927,5144,2
kqoRoohPl8k,2025-09-22,195,47306,436,49
77HrnQ4fbXs,2025-09-22,196,97593,4683,1257
ppaqUfDL3OE,2025-09-22,197,43061,462,43
wVcRyZsldS0,2025-09-22,198,74005,2981,694
rwug_jExVYo,2025-09-22,199,68682,236,12
bLIebvFrizE,2025-09-22,200,371083,6818,8
I-JMdev__Qc,2025-09-23,1,2863817,18285,1050
_8J8LwoVH_0,2025-09-23,2,9885430,678277,26733
U-8Apmkhbi0,2025-09-23,3,2629314,82648,228
nz2SeP58Dc0,2025-09-23,4,827586,6903,625
axBF-4nNZ3s,2025-09-23,5,14186782,298724,4128
7w5yqPGz5S8,2025-09-23,6,10781131,1092216,401964
9YrkXkdtHts,2025-09-23,7,967788,5316,310
zdu0YzzJ10o,2025-09-23,8,14116164,238092,4785
EGh0vkzP_tA,2025-09-23,9,1126651,15443,2425
f8YiG2WOzlc,2025-09-23,10,140984,1030,40
uSXJIbT2Up0,2025-09-23,11,1091299,19281,194
dXIp5fSCgNI,2025-09-23,12,619563,8673,162
x5yGFJ9-g4U,2025-09-23,13,192727,2063,65
Lc-Y8Hx9quo,2025-09-23,14,583376,27753,1328
aetcj8HwnsA,2025-09-23,15,504716,32203,109
Cn-oMqMhoVE,2025-09-23,16,1285023,20020,3010
A4hVbK5RdGo,2025-09-23,17,540193,15292,88
iychOoy8yEg,2025-09-23,18,655760,48176,919
aiS1hLCTWc4,2025-09-23,19,404149,3243,41
NLenJthrWNM,2025-09-23,20,249815,5561,205
Wiu9d6Vujv8,2025-09-23,21,1649873,44214,10284
ZWgkkzQv9Os,2025-09-23,22,1297448,24141,1604
fdDrV7wM500,2025-09-23,23,348885,7851,211
LdGnwfWlr5c,2025-09-23,24,1346575,12500,3
W-yuziiiXrE,2025-09-23,25,365394,2161,110
5xJ60zvH0TU,2025-09-23,26,334193,13256,928
h2bLqY_oLhY,2025-09-23,27,208492,2602,261
yi6VKWzEQWE,2025-09-23,28,99654,3395,113
8YhRkrEF9X8,2025-09-23,29,422257,21431,781
ERiRWRQQydg,2025-09-23,30,1869642,14464,10
d9vNrZTFg3k,2025-09-23,31,210421,865,30
rvno67oeAW8,2025-09-23,32,232225,11919,501
LT18AAVjFj4,2025-09-23,33,743605,31629,3034
sdUNhcUsEJg,2025-09-23,34,178971,6247,736
GI_xkcZjvJ0,2025-09-23,35,156191,9641,265
viP9FcCr-tI,2025-09-23,36,479952,9298,2824
Km9uI34R6dE,2025-09-23,37,401465,4559,390
8S8b7xjS49o,2025-09-23,38,1948404,18004,693
pGmUycag3Kc,2025-09-23,39,575390,15917,8152
5ZSdTULYZNM,2025-09-23,40,125543,1101,23
OGj-W7rf5As,2025-09-23,41,3308061,17610,1065
2bIT7WFdm-Q,2025-09-23,42,1149702,12957,5
VMudpklXvsg,2025-09-23,43,234957,12988,768
nkrKSCUEGQk,2025-09-23,44,230898,11008,211
C8AY--Qq5VA,2025-09-23,45,1171194,7053,4
0MfMztBIeKY,2025-09-23,46,3930458,278688,7422
PHtA_VLIqYQ,2025-09-23,47,269798,16006,451
NT1DKopqcBo,2025-09-23,48,566944,27424,324
PDSHVXacPU4,2025-09-23,49,163452,8705,359
nGcGhP-PeVc,2025-09-23,50,165009,10219,956
m-oLUX91ee4,2025-09-23,51,484707,28748,87
UShmrzRIHF0,2025-09-23,52,116566,531,19
NRo0Arvy8z4,2025-09-23,53,300487,16924,735
5sWDrzNZEHY,2025-09-23,54,647203,68748,1291
CRaxp-bXxYI,2025-09-23,55,283339,1706,110
vx-G2Tjocf4,2025-09-23,56,3506946,24494,1300
f84cLYwSDV8,2025-09-23,57,879379,9226,15
6Kb0m27nceM,2025-09-23,58,1160887,6690,177
MbG8C_Xcv0o,2025-09-23,59,144763,8255,333
xKuucszzKb8,2025-09-23,60,208174,1027,15
PITfVREIkGw,2025-09-23,61,733873,6656,732
IFDIOblwb5k,2025-09-23,62,218367,12483,927
Wkr93whusCg,2025-09-23,63,630907,29702,3392
_-YvLrTzfG4,2025-09-23,64,66440,470,7
KpKQl0oKxes,2025-09-23,65,272852,9863,160
qYQa6UIFOZs,2025-09-23,66,72117,407,22
SeVtBtnSsBY,2025-09-23,67,161648,1546,45
6GUABg18iHA,2025-09-23,68,135199,9846,560
rFjrszn7p94,2025-09-23,69,186915,3986,765
NfShpB_9u4s,2025-09-23,70,197640,30578,2828
Dq_Sc85-oyY,2025-09-23,71,1275053,7461,148
HEqFzzvCBNM,2025-09-23,72,220740,16784,699
WsllF4THOYk,2025-09-23,73,16590719,373151,18741
VO67skGnU14,2025-09-23,74,103692,6657,220
oSonDxVirxo,2025-09-23,75,142979,961,20
_oMG6ZLQOlA,2025-09-23,76,179972,1295,58
wu1RMrd1W7A,2025-09-23,77,69310,6255,1237
6DKfVHc5Lro,2025-09-23,78,268508,3326,0
BA-fGocc3uQ,2025-09-23,79,93066,5002,277
xQRwPnTvlzk,2025-09-23,80,338655,6675,7
zAquA35kPRU,2025-09-23,81,53140,316,9
L1DS8BOcl5o,2025-09-23,82,264589,13099,509
KTpW9czkBhk,2025-09-23,83,355583,18502,1735
cux9HnQjcUE,2025-09-23,84,175530,1674,132
SzG_H0JbsrA,2025-09-23,85,85593,4564,148
npNmyb-qqGw,2025-09-23,86,20598932,618567,18013
Kfjwtz1RaY0,2025-09-23,87,1183087,13987,1262
BSsT6CzQpk8,2025-09-23,88,430608,3853,39
kuATwygfkGE,2025-09-23,89,599095,5488,3
rmcbOAJCvzc,2025-09-23,90,242514,5055,194
hI6zdcc5LVg,2025-09-23,91,186199,13064,474
ysKZhrJbVok,2025-09-23,92,129310,0,16
hiHPErGwhf0,2025-09-23,93,220828,2822,161
kM_9-pYY5MA,2025-09-23,94,131708,5240,225
8YaQc08uoHo,2025-09-23,95,247564,11502,1030
eciGUfPPY-4,2025-09-23,96,137742,742,35
l0-1_-ybwLU,2025-09-23,97,63471,4205,174
rhW-LnQs0Y0,2025-09-23,98,526886,0,3
8fBTZ9Vl91U,2025-09-23,99,267643,28544,1665
BY3KRn7J-yg,2025-09-23,100,74048,4029,266
SIBeRJcWpoc,2025-09-23,101,271180,5349,8
6qevUa2Yaec,2025-09-23,102,76468,370,13
Svl5wDgzvc8,2025-09-23,103,354037,2390,208
SYAwNR5NQV0,2025-09-23,104,803921,8317,847
EVn2d4LJH_U,2025-09-23,105,40392,373,29
ibzsyJ691is,2025-09-23,106,142542,5413,212
uwAYeY0TXQg,2025-09-23,107,233302,4536,1916
gf5d7LVDIro,2025-09-23,108,105718,607,41
zHVtd-g0dPg,2025-09-23,109,3612995,77048,1989
e1jGkS3keCw,2025-09-23,110,152893,5194,528
TLhvJsvzln0,2025-09-23,111,240037,12429,2243
5hodTTOp5U0,2025-09-23,112,80561,3443,253
RB9LFFTyvQI,2025-09-23,113,26193,544,47
MuGWOtFKTLw,2025-09-23,114,459660,2092,43
PuPT6ehcuR0,2025-09-23,115,84434,5270,390
F1mJ6GFmEKM,2025-09-23,116,292027,9417,1397
zO69l39VRe0,2025-09-23,117,123804,687,9
Zrqqh3aRDAw,2025-09-23,118,158142,4430,406
FHBwklHu550,2025-09-23,119,384572,36997,231
aoHEKJDsbN8,2025-09-23,120,263633,1971,63
_WFapr58ChY,2025-09-23,121,121493,4174,238
WA6u9ebC5qk,2025-09-23,122,519107,7159,2
HL2vy2XLu60,2025-09-23,123,180614,791,35
x8vFXacBPTw,2025-09-23,124,65191,3618,69
eG4e-25RdcI,2025-09-23,125,220263,1236,8
JpfQkwyyD2w,2025-09-23,126,80215,709,16
uozAkLLdLL8,2025-09-23,127,61125,3773,146
-BKUiCSGGq4,2025-09-23,128,760376,40228,5472
eqzjTeIl228,2025-09-23,129,296368,3428,196
SLf7tv6WbPE,2025-09-23,130,53647,2923,234
dPijWcz6srk,2025-09-23,131,418995,1356,0
0biDET2Ho7k,2025-09-23,132,81665,751,53
lHq0-Qt-RL4,2025-09-23,133,269300,7153,150
-yiYTeeOiAM,2025-09-23,134,241052,2458,228
mSRgCIXc3Bs,2025-09-23,135,100392,388,5
J_RMlQDvH7I,2025-09-23,136,150526,3506,0
77HrnQ4fbXs,2025-09-23,137,231907,7456,2118
T_fS3SADkuM,2025-09-23,138,247515,1405,59
OCYqH4Cg5m8,2025-09-23,139,64340,2798,116
FA8XTJg9wFU,2025-09-23,140,66090,1041,31
zmFoLfaKPUc,2025-09-23,141,26711,181,8
zF4D3VatY8k,2025-09-23,142,59219,4023,234
JntKOmbMI08,2025-09-23,143,5988558,128341,4716
34hBq7E2SlQ,2025-09-23,144,159553,2325,93
_8k8b6EDq6I,2025-09-23,145,373000,20059,2150
FxIkLiA15ww,2025-09-23,146,417276,3464,1
PpmbHWboYKE,2025-09-23,147,68919,282,7
yFgiGL5s2f4,2025-09-23,148,54543,2938,128
cCMD3_pOOow,2025-09-23,149,126040,11673,1230
vHsn8ziy0dQ,2025-09-23,150,122210,2486,79
pbY5zLd-00o,2025-09-23,151,755128,7466,223
ARvhnjlCPTw,2025-09-23,152,2145085,175037,1533
LQUZk8tZNdg,2025-09-23,153,112358,488,25
5SgnL-yRg7g,2025-09-23,154,46979,1845,36
xJ5E7XQaczk,2025-09-23,155,357631,766,0
Rz4cr4juhxg,2025-09-23,156,254260,1637,80
wE4mB9Zmfeg,2025-09-23,157,148068,5897,558
UMTlrCaAkfo,2025-09-23,158,335639,3073,688
yRWdchy43zY,2025-09-23,159,6848304,65844,3356
CN39jrBFaPM,2025-09-23,160,48640,1268,57
hP8h0f1ja-s,2025-09-23,161,260812,9305,26
MRYhfZK2l08,2025-09-23,162,393557,2011,34
1NC4d_eAHto,2025-09-23,163,309141,13497,845
9C_04JqaeEY,2025-09-23,164,46364,917,118
z0-gvGonin8,2025-09-23,165,247173,4739,175
DMJQRkezN9M,2025-09-23,166,29472,1561,35
JcCXOF9d_Kc,2025-09-23,167,123724,3831,893
Mfv3JTIMgEk,2025-09-23,168,38884,328,14
4p64l72zgZg,2025-09-23,169,24522,1600,39
wSca7At3Wxw,2025-09-23,170,269916,3339,50
73DRmgFchr4,2025-09-23,171,114288,2002,101
mk3mdx5d-kw,2025-09-23,172,62929,1968,35
r4LgfmVZ1cY,2025-09-23,173,511901,5210,2
iso8VE9si8I,2025-09-23,174,83778,579,15
0-cVgh5602I,2025-09-23,175,119200,9666,777
bSMnHGzx4Yg,2025-09-23,176,45794,263,3
npc2qGmzS1Y,2025-09-23,177,33831,257,9
DTqCGi7PxB4,2025-09-23,178,19423,1782,83
mFOPEx_kfBU,2025-09-23,179,34323,956,41
G5tBbNzmJpU,2025-09-23,180,41737,284,8
6zDccQes4nk,2025-09-23,181,36282,3016,101
oa8rHwiXzG8,2025-09-23,182,56053,578,40
yG1ngGJAREY,2025-09-23,183,631572,18591,968
o4f_UrSrMZo,2025-09-23,184,118319,1346,154
Zp7NzGsgD3s,2025-09-23,185,795902,11126,437
MPasJQIyyI8,2025-09-23,186,341242,1463,3
CsPSlYQ1D0c,2025-09-23,187,251320,1501,29
5qDRzLCxG0Y,2025-09-23,188,73005,2930,1033
Lpds2E73oyE,2025-09-23,189,360737,2076,35
xm2yrOAAqNQ,2025-09-23,190,128300,1201,20
gWa969jYRN4,2025-09-23,191,165178,2417,271
ozE6UcaDH9c,2025-09-23,192,230501,1637,0
moGdbG5PgkE,2025-09-23,193,118462,778,14
le4oCr-uBts,2025-09-23,194,177514,14473,2585
IHkwpPREPiE,2025-09-23,195,142463,1123,46
XCviyj0sagM,2025-09-23,196,445907,6071,1
l5hGFqook-Y,2025-09-23,197,52916,285,11
fd-uOrlzSDg,2025-09-23,198,68010,1393,142
iOVbzSpiemo,2025-09-23,199,130706,660,48
Yd8EDpIB1To,2025-09-26,1,1006204,152847,24312
_8J8LwoVH_0,2025-09-26,2,13068211,721806,28240
YWraKIk6nYQ,2025-09-26,3,2876945,77896,194
sg5Np1fvtxc,2025-09-26,4,323246,17029,630
axBF-4nNZ3s,2025-09-26,5,15885410,316792,4481
G_fJerNqJgg,2025-09-26,6,1149636,50677,922
503dXC9UHeA,2025-09-26,7,67330,499,27
2UksfgQHHh4,2025-09-26,8,155021,1920,37
ykJiOHFUBi8,2025-09-26,9,919433,12756,1875
h5nSiga6b74,2025-09-26,10,158059,1967,49
Ma1x7ikpid8,2025-09-26,11,5100808,88626,6870
kpuR3t4uunQ,2025-09-26,12,892895,78001,14331
LJ6SnNb9SkM,2025-09-26,13,1364429,137690,21220
GOB4rsyH7sM,2025-09-26,14,229129,15091,210
zz2i43nxF_8,2025-09-26,15,793769,86002,1316
jXhJMrAkkqM,2025-09-26,16,671837,3162,35
uwfeRKhr7Io,2025-09-26,17,547143,24185,1014
WHAkoQX0B8Q,2025-09-26,18,663749,8936,1377
yJTjrEFDDwo,2025-09-26,19,98305,457,9
8S8b7xjS49o,2025-09-26,20,4266291,38282,2417
JanBQhgxwQc,2025-09-26,21,105406,0,11
IA3Fe45poxU,2025-09-26,22,245459,11437,278
s3pDMUWlA6I,2025-09-26,23,5567843,408158,14859
gRLQuDvcUgU,2025-09-26,24,1775533,54710,720
hsv9gkKKZQ0,2025-09-26,25,313764,1503,36
IcvuGotSC3g,2025-09-26,26,120727,2772,133
_lUvByg7oVs,2025-09-26,27,845554,10286,9
yi6VKWzEQWE,2025-09-26,28,956371,14234,328
pHF1xX4s7m8,2025-09-26,29,476812,20983,732
_Dzl80bhvGg,2025-09-26,30,455968,26124,48
rZFaruSyPDw,2025-09-26,31,176970,2288,250
OGj-W7rf5As,2025-09-26,32,12378952,39816,2322
6oJ5nPOD9IM,2025-09-26,33,763906,67190,771
vMGlP1wuRzM,2025-09-26,34,205410,2557,41
cCWEOIvP7b0,2025-09-26,35,119300,1061,36
pAbvIUfaYW4,2025-09-26,36,323843,0,12
IgxPcw7oRkA,2025-09-26,37,181725,1696,182
Rjcxqk622u8,2025-09-26,38,38657,489,48
7vVlzYxm4J4,2025-09-26,39,111751,1216,38
_G_Yf1UueI8,2025-09-26,40,93869,981,90
zdu0YzzJ10o,2025-09-26,41,14729345,246177,4953
6i2xCp1p4iU,2025-09-26,42,876790,46238,19500
PwEuLrphH04,2025-09-26,43,158119,744,39
55bq6VLsZMY,2025-09-26,44,29995,1024,38
hTualn0b-JA,2025-09-26,45,200612,729,15
iP4Q_GKK6hk,2025-09-26,46,140958,40182,2290
nGcGhP-PeVc,2025-09-26,47,381366,14497,1483
b3X-xrti9uw,2025-09-26,48,110983,4352,358
Mfv3JTIMgEk,2025-09-26,49,748635,5336,297
UmhEADHcwRY,2025-09-26,50,138983,981,42
Xgjozi0KUHY,2025-09-26,51,559811,66306,933
h3ysqcO6LkI,2025-09-26,52,1267710,91189,8530
H8ieN10lX40,2025-09-26,53,2247736,34740,3151
craLk0xKrh8,2025-09-26,54,265391,1081,40
nd3rs6u3gKg,2025-09-26,55,639637,2995,132
peYpeKnNqqU,2025-09-26,56,20842,2312,143
6bSng8p2CKk,2025-09-26,57,398278,16406,4296
WMd_Zonl8XA,2025-09-26,58,549696,20070,1518
Lc-Y8Hx9quo,2025-09-26,59,813712,32942,1590
r-B1qd3IB38,2025-09-26,60,1214302,10166,8
vH3sX3tJ9wg,2025-09-26,61,5113931,108637,14098
uSXJIbT2Up0,2025-09-26,62,1100792,19323,194
wrNDhKrZ3AE,2025-09-26,63,825981,40975,3695
tHg34p-O6P8,2025-09-26,64,145177,702,23
NLenJthrWNM,2025-09-26,65,336188,6380,235
F_sNvPMchQ4,2025-09-26,66,981507,38429,10891
ZhIJgYLjoVw,2025-09-26,67,53541,616,63
hHVRer1c-Ck,2025-09-26,68,1422762,4420,213
RgsWNSfXMb0,2025-09-26,69,335729,8396,825
HC2O4V3JSs8,2025-09-26,70,259483,2243,274
v8T8jDuOEUk,2025-09-26,71,146559,5783,360
1pcECDptRwI,2025-09-26,72,665130,32583,431
jRSsvRvs_Hc,2025-09-26,73,57418,306,11
d84EgIIp3TM,2025-09-26,74,111738,2166,76
Kii2kHMh_G0,2025-09-26,75,735548,4011,0
x5yGFJ9-g4U,2025-09-26,76,900991,7075,249
r8t-b50CAMQ,2025-09-26,77,107846,8629,688
xh_6aOBXn3I,2025-09-26,78,606900,11863,3062
vYgF1P8S9LY,2025-09-26,79,102850,745,22
MD_aS0zL698,2025-09-26,80,2178581,5112,165
yDTr8FQ6CCA,2025-09-26,81,297887,0,15
arwthCRwdSA,2025-09-26,82,41899,277,24
IsNnpGIEX5U,2025-09-26,83,323537,13505,3141
J0VArUBcHDg,2025-09-26,84,245703,714,7
-Rb9UNuHXUQ,2025-09-26,85,204426,6873,1292
kCTahMzpjq4,2025-09-26,86,434602,10584,522
NkvXsyaYKOw,2025-09-26,87,149614,2062,203
MgdSOXhK_1U,2025-09-26,88,182046,2239,35
Wjf_svikMfE,2025-09-26,89,686944,27662,2922
9mIGlpc5kJU,2025-09-26,90,79907,479,17
veaUE_NDIKE,2025-09-26,91,93752,1334,4
vQcSqM_4cXY,2025-09-26,92,77352,555,24
fvbfvf3bAHk,2025-09-26,93,382221,6385,377
yRWdchy43zY,2025-09-26,94,23243140,406883,33490
8WUdr-K2GrQ,2025-09-26,95,516718,6318,1
LBrwicSpeV0,2025-09-26,96,259316,1566,46
heBgrdUBurM,2025-09-26,97,142554,1516,90
KH-l4lnN3QQ,2025-09-26,98,407091,2576,47
w4Nrd0JBqSY,2025-09-26,99,123967,9752,708
PA5ElGNLeoA,2025-09-26,100,118355,23280,1882
YSI-bJb_jXY,2025-09-26,101,333324,2315,108
3R5o800_xF4,2025-09-26,102,314729,2375,152
qH4nJ4p-OE4,2025-09-26,103,123214,0,7
YYrodD6P7Vg,2025-09-26,104,156088,1759,177
yAQ7LloCDmw,2025-09-26,105,304243,3521,293
PkQZ1BahzdA,2025-09-26,106,259034,1310,68
YHqT6eGroUQ,2025-09-26,107,238979,0,14
MYpuLMAQ3eA,2025-09-26,108,40621,1676,16
jQvwnpFAXtQ,2025-09-26,109,317064,7407,2417
sdUNhcUsEJg,2025-09-26,110,773311,17100,1543
P5LhFbLqZN4,2025-09-26,111,98563,483,17
rAhgpCrYN4c,2025-09-26,112,123909,2756,164
S6QiCKuMil4,2025-09-26,113,270941,17082,41
OIjld-cd5M0,2025-09-26,114,51101,281,11
d-Asw_Jxi68,2025-09-26,115,108754,0,3
CyQeCqRgno0,2025-09-26,116,52961,478,9
agCnjEHCQ_Q,2025-09-26,117,36198,4494,838
D_DgYZY40YY,2025-09-26,118,98733,1866,21
lSuhTaEB91A,2025-09-26,119,707507,9623,1
rCpKSpDj7Pg,2025-09-26,120,36155,163,8
gV6J10w6qJ8,2025-09-26,121,335423,4515,473
Q8JnzqJJrIU,2025-09-26,122,462375,30138,801
XEK2GGLKwTE,2025-09-26,123,115179,10376,676
PDSHVXacPU4,2025-09-26,124,620343,15770,504
rlj-Ql7YQys,2025-09-26,125,564305,23622,389
UkVFS_vFg8g,2025-09-26,126,55204,323,19
KssAwgN_JeM,2025-09-26,127,314108,1918,0
MPC044l50L0,2025-09-26,128,162253,4115,243
WAicDDsteyQ,2025-09-26,129,212135,5508,473
xGx_tKzRQZM,2025-09-26,130,214955,13256,1031
3RrbOs16lpE,2025-09-26,131,182060,6865,592
i4UZmRaGZ2U,2025-09-26,132,131630,2965,225
NISMfuVkl7g,2025-09-26,133,106178,0,13
9WgzrJPsCjc,2025-09-26,134,29418,282,24
qzopw6Atfy0,2025-09-26,135,163809,1225,47
62TIzKkALbE,2025-09-26,136,80765,322,7
SJDqvqr2gwQ,2025-09-26,137,298238,19322,41
vRN8DC146R8,2025-09-26,138,57196,281,12
3pEuPTMmSEU,2025-09-26,139,70143,2722,489
VB0XaohlJmA,2025-09-26,140,236787,6847,440
0zhP80uzeQE,2025-09-26,141,321320,1650,2
4SqoiabNM1o,2025-09-26,142,140136,490,28
k_uZG8Go2yc,2025-09-26,143,46551,5000,220
m0mF6aX-IIg,2025-09-26,144,46955,710,63
oFeaxs86zfs,2025-09-26,145,437580,3542,1
5ZSdTULYZNM,2025-09-26,146,451339,2916,62
Ws3ZA9J2CwE,2025-09-26,147,498375,123499,2545
7zJ88tqlvuo,2025-09-26,148,135454,1153,152
6Py5BphDlu0,2025-09-26,149,148638,0,5
fCEDY5skKLc,2025-09-26,150,111102,696,41
O2-3ix8ucGo,2025-09-26,151,279071,5897,6
a8aWw5KKK4o,2025-09-26,152,235801,1836,243
hXNNPX_O2iI,2025-09-26,153,249190,17370,3998
4D1oI500i4g,2025-09-26,154,68117,939,40
6bmpvxAozDY,2025-09-26,155,213940,5637,1
MFvFNRCaevI,2025-09-26,156,111317,5122,239
GXjFs5gYOvs,2025-09-26,157,57516,6109,368
KuBd3lGgW60,2025-09-26,158,23524,363,13
--Lg-J5Bgdg,2025-09-26,159,319920,30578,2180
wy-SplT9e2c,2025-09-26,160,80674,1924,61
0IQ8xqdPjp0,2025-09-26,161,74637,0,6
qcPo3zeysCc,2025-09-26,162,147688,0,9
Tvay_WT48_w,2025-09-26,163,2026493,62002,1968
sS8DCamKqg8,2025-09-26,164,187619,1695,95
1K8LdqIPjIQ,2025-09-26,165,85969,309,47
h97Gv7kdRKU,2025-09-26,166,168683,1795,103
1QxuhE_UZhQ,2025-09-26,167,365231,4667,266
RrKJjF3I08c,2025-09-26,168,100012,685,64
nQ7Gpt7e284,2025-09-26,169,368057,856,0
VEShHlvcgu4,2025-09-26,170,191640,7701,247
0S4w6ndpgBE,2025-09-26,171,119812,4900,2121
4ZOY6Bd-ajY,2025-09-26,172,534826,11086,279
zwc8JQoogvs,2025-09-26,173,47159,734,14
NfShpB_9u4s,2025-09-26,174,587917,42601,3391
ZCWJk1OGwOY,2025-09-26,175,160538,2165,47
3IibdMRQXsY,2025-09-26,176,32183,438,50
mdxLovrGqIs,2025-09-26,177,64833,2974,309
hhMkvcFtDRg,2025-09-26,178,25392,321,1
B7n0QqWee_U,2025-09-26,179,204580,2864,1
oW5arrQyS7A,2025-09-26,180,171358,754,21
lqOt7lsIbQs,2025-09-26,181,86747,759,4
eQn_r9KC5v8,2025-09-26,182,21535,112,2
ERpOjByAB9c,2025-09-26,183,60657,0,45
Cn-oMqMhoVE,2025-09-26,184,2347601,29161,3771
bPZEXnskpXw,2025-09-26,185,155412,6736,42
4Xkwl-W4g_E,2025-09-26,186,143508,890,18
5SxO-BIYIW4,2025-09-26,187,40765,5138,701
_8gXzq4Fows,2025-09-26,188,143375,578,19
4NVsnA63FEU,2025-09-26,189,156742,2276,764
hlcTDRy_j0I,2025-09-26,190,2982220,27110,1092
6pFT5aaEzJE,2025-09-26,191,1031126,9202,48
aiS1hLCTWc4,2025-09-26,192,902883,5837,74
ZcMVZC9xnRY,2025-09-26,193,113043,6969,33
oNLz80CEbfs,2025-09-26,194,91991,466,5
UaiNLJj12Ls,2025-09-26,195,376215,34229,8595
8AJKIULXxBo,2025-09-26,196,129924,1581,184
NQryoD8RbwI,2025-09-26,197,210738,8671,879
P6hETebY8vo,2025-09-26,198,13540,90,2
P9K3T9E2tFk,2025-09-26,199,296399,4613,600
iV2NAiPwaC8,2025-09-26,200,107690,429,18
Yd8EDpIB1To,2025-09-27,1,27945032,376685,46701
Mod_oXpftJA,2025-09-27,2,32272116,323384,31016
x6H68hFuYHU,2025-09-27,3,1752957,49359,47
ofeogcSjKxo,2025-09-27,4,157739,456,6
_8J8LwoVH_0,2025-09-27,5,13728348,727679,28297
JLo9iSK2e4A,2025-09-27,6,729783,8926,17
PA5ElGNLeoA,2025-09-27,7,1070654,74021,4219
2UksfgQHHh4,2025-09-27,8,593199,3942,80
TwAuWLX8NZg,2025-09-27,9,886148,4925,69
1QZRptIzjlA,2025-09-27,10,254089,2264,228
GOB4rsyH7sM,2025-09-27,11,1247485,39382,460
I-EkskK8TA8,2025-09-27,12,359596,3984,0
LJ6SnNb9SkM,2025-09-27,13,2085084,159070,22940
wusXtt4955M,2025-09-27,14,343749,15312,670
mPurWnc_tjw,2025-09-27,15,943195,13503,3116
h5nSiga6b74,2025-09-27,16,445001,3566,157
uCesRZg8LpA,2025-09-27,17,371563,19020,736
qm-s3RwC4I0,2025-09-27,18,477006,1291,29
SLdDp19xJ4s,2025-09-27,19,104356,753,61
0MP_gCSmUEo,2025-09-27,20,367950,20482,627
wDpI8iYzP7U,2025-09-27,21,606259,2454,2
IA3Fe45poxU,2025-09-27,22,714639,21972,453
uwfeRKhr7Io,2025-09-27,23,989450,35335,1154
-uxIeDpYVg8,2025-09-27,24,1031921,55909,972
yJTjrEFDDwo,2025-09-27,25,233436,1038,17
Ma1x7ikpid8,2025-09-27,26,7638731,140589,9672
rnHeFCwcAiE,2025-09-27,27,536640,57418,952
503dXC9UHeA,2025-09-27,28,124812,918,44
JiColqXPAvs,2025-09-27,29,318650,18187,1009
EfdoMvjWjxY,2025-09-27,30,583013,7622,3
sg5Np1fvtxc,2025-09-27,31,511458,22731,753
axBF-4nNZ3s,2025-09-27,32,16250310,320560,4571
sU-28UNrxes,2025-09-27,33,209944,1346,42
6VmFu0bYWuw,2025-09-27,34,176543,7477,283
GtS7GjzMz40,2025-09-27,35,114512,7972,427
qOX8R1j5RV8,2025-09-27,36,1764072,111454,1728
IhtnZlLEf1o,2025-09-27,37,134105,1389,195
18RWJXQHTLk,2025-09-27,38,116754,7943,300
7vVlzYxm4J4,2025-09-27,39,571028,3582,80
y_dUpc6S2H0,2025-09-27,40,130758,788,15
CKTn81kKZE8,2025-09-27,41,2857903,7998,1299
NM3kRc7Ibgg,2025-09-27,42,829114,12467,11
ZhIJgYLjoVw,2025-09-27,43,220472,1457,96
RcDdlT0X3tA,2025-09-27,44,82200,4300,159
1dI81i0e5ew,2025-09-27,45,436095,2216,17
hsv9gkKKZQ0,2025-09-27,46,498902,2286,53
s3pDMUWlA6I,2025-09-27,47,6666727,457165,16336
kpuR3t4uunQ,2025-09-27,48,1519505,103137,17654
VB0XaohlJmA,2025-09-27,49,1391368,23160,1105
8S8b7xjS49o,2025-09-27,50,4415858,40265,2512
PMAgocHm9ak,2025-09-27,51,613602,15795,5942
cTnbggVhDPs,2025-09-27,52,544131,3627,40
peYpeKnNqqU,2025-09-27,53,58426,4242,196
JanBQhgxwQc,2025-09-27,54,370801,0,23
AdzIvWCmsEQ,2025-09-27,55,262690,1810,16
cCWEOIvP7b0,2025-09-27,56,215851,1658,49
Wr6rYvQTgrY,2025-09-27,57,621183,62601,866
gD3CpjoqmEE,2025-09-27,58,278822,1168,31
IcvuGotSC3g,2025-09-27,59,165861,3579,158
pW79Zkxmxi8,2025-09-27,60,1947643,49352,855
lzq6gBc5NzA,2025-09-27,61,165470,1113,21
55bq6VLsZMY,2025-09-27,62,84548,1938,52
bDdVOdGWXUg,2025-09-27,63,753820,29540,3169
KuBd3lGgW60,2025-09-27,64,178121,2362,124
WnEhQVaW7Oo,2025-09-27,65,170921,2754,180
fxur-9mbiDw,2025-09-27,66,1047693,9090,6
aPDzQBE8snI,2025-09-27,67,783442,3558,150
QPGGCnl3QhQ,2025-09-27,68,858419,8305,12
umZf-0BFVR4,2025-09-27,69,53330,267,19
WHAkoQX0B8Q,2025-09-27,70,1099241,12112,1734
QID0geQkl7c,2025-09-27,71,223498,2770,295
ddGl-S2zX0Y,2025-09-27,72,555786,3972,0
C-wDc8DUtSU,2025-09-27,73,81551,1081,129
EoGtmUYou7o,2025-09-27,74,102346,775,24
bQWT29yTEcQ,2025-09-27,75,138622,1826,268
xkq-3XhS3S8,2025-09-27,76,622362,27537,3565
Cq3_HlaK5CM,2025-09-27,77,117499,615,39
Pl2_BH2RIx8,2025-09-27,78,330463,24558,107
iP4Q_GKK6hk,2025-09-27,79,363480,71038,3401
YPMTiYLfAu0,2025-09-27,80,498696,31352,83
MgdSOXhK_1U,2025-09-27,81,526583,5829,105
4O1tFzV3uCI,2025-09-27,82,275835,4527,788
vMGlP1wuRzM,2025-09-27,83,443834,5352,65
PS08cWTjPfg,2025-09-27,84,271499,20728,1553
y3GRTc-0V_M,2025-09-27,85,64223,393,12
ZYDwVR_VjW4,2025-09-27,86,91996,430,19
_G_Yf1UueI8,2025-09-27,87,203172,1851,206
RbtXmiG0Mbk,2025-09-27,88,370157,20440,164
62TIzKkALbE,2025-09-27,89,347015,1173,23
b3X-xrti9uw,2025-09-27,90,291302,8384,496
yi6VKWzEQWE,2025-09-27,91,1589275,19242,431
VHdnILPEhJ8,2025-09-27,92,129267,3237,245
EOcJnwngnqc,2025-09-27,93,108104,442,18
B5eGFdeZjHk,2025-09-27,94,144178,1798,15
JTPRF6p-okw,2025-09-27,95,80360,971,120
mQHIG_IC7YA,2025-09-27,96,715851,0,25
agD8nsLFH_c,2025-09-27,97,58547,1705,71
1k7olEpB2DI,2025-09-27,98,105662,371,15
vQcSqM_4cXY,2025-09-27,99,137215,846,43
99jSOYz6LDQ,2025-09-27,100,396865,9485,2339
n4RmI4zR2PA,2025-09-27,101,225924,1584,216
qH4nJ4p-OE4,2025-09-27,102,335142,0,11
EBti1iQ7zsY,2025-09-27,103,82442,291,5
6bSng8p2CKk,2025-09-27,104,824164,24650,5850
vH3sX3tJ9wg,2025-09-27,105,6382175,120347,14776
LQVxhQrVjDk,2025-09-27,106,336805,3733,601
CWAMBCB5QO0,2025-09-27,107,163936,776,35
HBYpUZa_xNE,2025-09-27,108,320001,8888,1288
i4UZmRaGZ2U,2025-09-27,109,332455,5507,280
3MEV79oY0qA,2025-09-27,110,102057,13392,1016
PwEuLrphH04,2025-09-27,111,189547,879,50
7LWrZMhuG_I,2025-09-27,112,110126,1902,119
WeYueh9LnOo,2025-09-27,113,55936,323,12
pFxml3lwyVk,2025-09-27,114,258594,2383,248
6nTv3YsVbFs,2025-09-27,115,3238355,31304,3244
rzM25WLT30E,2025-09-27,116,70006,340,4
qf4vTsvMhLE,2025-09-27,117,106854,1345,83
irPAZg6nxJo,2025-09-27,118,68839,1732,104
h3ysqcO6LkI,2025-09-27,119,1436907,98732,8821
YnfM0lXGU20,2025-09-27,120,185544,2199,55
LBrwicSpeV0,2025-09-27,121,665408,3969,98
rTVxPUDyGY8,2025-09-27,122,435053,3219,6
uPxlG_E3QoE,2025-09-27,123,98228,928,0
dhshGlWx97U,2025-09-27,124,219620,17876,2717
7vMjtdd0VP0,2025-09-27,125,183643,1658,145
FOSwtumHLiw,2025-09-27,126,97482,3413,630
zisxqzBFGeE,2025-09-27,127,39601,150,8
H2dwEYbNTuY,2025-09-27,128,574456,7589,0
iH3RYpQo_Z4,2025-09-27,129,52628,793,95
buvFJ5_BbLk,2025-09-27,130,102688,3118,389
D_DgYZY40YY,2025-09-27,131,232589,4090,38
LfMtaIsyxHE,2025-09-27,132,295402,4442,1900
9rrgf-ZVuyo,2025-09-27,133,52639,276,5
7d7AN0Off_o,2025-09-27,134,1096738,55987,8861
MYpuLMAQ3eA,2025-09-27,135,101134,1969,28
SuV38KtQB9s,2025-09-27,136,329435,2766,261
lFQI1_vP__Q,2025-09-27,137,209121,0,26
10RkHsPiNdc,2025-09-27,138,68957,1230,187
SacDiGVyZnw,2025-09-27,139,50564,286,2
9nWEGKKAR_Q,2025-09-27,140,113241,1378,61
rAhgpCrYN4c,2025-09-27,141,254547,4893,253
TjDIl-p7LqI,2025-09-27,142,151274,2203,163
P6hETebY8vo,2025-09-27,143,63167,306,10
UNz0NuxGSVo,2025-09-27,144,191412,2518,87
Rv2P97OdXw0,2025-09-27,145,47160,235,8
qfDxJgSmJzI,2025-09-27,146,256054,10800,2302
oclbVN-qelo,2025-09-27,147,39135,428,25
6RXDIed6G6o,2025-09-27,148,210379,4634,349
zmEgdtwNRO4,2025-09-27,149,38358,451,35
is7T2mmZa_k,2025-09-27,150,255456,4882,716
yRWdchy43zY,2025-09-27,151,27127983,422001,34376
xL9twKqFtug,2025-09-27,152,33000,437,52
LYpjtQ7G_hE,2025-09-27,153,158872,6343,101
hUKQp90Hxx4,2025-09-27,154,531042,8189,153
JYhrvOw7ygs,2025-09-27,155,86328,496,22
K0LFtIb4O6E,2025-09-27,156,188306,4680,1
x5yGFJ9-g4U,2025-09-27,157,1263238,9598,319
6or-VPf6luA,2025-09-27,158,70973,1754,81
6U99WfMN9oE,2025-09-27,159,56468,202,2
PqTG4FrNguI,2025-09-27,160,498642,3494,0
kCTahMzpjq4,2025-09-27,161,602456,13202,571
jg8cVYB_wJw,2025-09-27,162,277880,5734,1197
J0VArUBcHDg,2025-09-27,163,374380,1231,10
BXpnoMk56PA,2025-09-27,164,55290,197,4
kRG46WM83Tg,2025-09-27,165,65087,262,4
YpxWuaQHvUk,2025-09-27,166,197910,1513,4
jA9Ie_CYm78,2025-09-27,167,68363,526,38
-FC0YjvU3bQ,2025-09-27,168,264813,7421,1748
n5sZpIBZ_wo,2025-09-27,169,114482,876,79
LY3pb9zoEow,2025-09-27,170,1156863,121330,3554
UkVFS_vFg8g,2025-09-27,171,115309,590,27
IsNnpGIEX5U,2025-09-27,172,561594,19401,4408
MPC044l50L0,2025-09-27,173,302823,6620,317
CXqmkeM3Vy4,2025-09-27,174,382887,2083,24
vYgF1P8S9LY,2025-09-27,175,154347,1042,25
U1WkvxO8Zgo,2025-09-27,176,194769,1353,37
Tu584qp8ffM,2025-09-27,177,95662,190,2
ADeejfemNos,2025-09-27,178,193506,4831,333
WMd_Zonl8XA,2025-09-27,179,632303,21531,1556
mhj9S1A48KQ,2025-09-27,180,157384,2234,593
cQtqFaByN0k,2025-09-27,181,17884,91,5
ju6Qp5DbaIo,2025-09-27,182,108069,1962,28
lXMlurZYjIw,2025-09-27,183,90644,3376,109
FpgRLeRoi24,2025-09-27,184,307537,11909,77
q8bMZiFKyQo,2025-09-27,185,52183,244,9
6i2xCp1p4iU,2025-09-27,186,1070910,50867,21882
NgIJkY0UIYs,2025-09-27,187,239909,1474,22
oJwsOoBr8jQ,2025-09-27,188,158523,1878,0
tHg34p-O6P8,2025-09-27,189,176551,865,30
qA1q5LjDPW4,2025-09-27,190,212707,3160,1
Kv8zUhUVeR0,2025-09-27,191,53643,856,20
XrqPtGSwEVE,2025-09-27,192,131337,10150,422
arwthCRwdSA,2025-09-27,193,55113,362,29
q6XlZPzlTgI,2025-09-27,194,177171,2154,0
m0mF6aX-IIg,2025-09-27,195,107574,1362,142
nOKlf1QZN40,2025-09-27,196,303321,1984,1
6FCCGWxis9U,2025-09-27,197,48629,279,14
advw9imZheI,2025-09-27,198,139459,9187,43
exwsab0X8Qw,2025-09-27,199,24048,141,11
tD1aJ37ARvU,2025-09-27,200,61086,387,5
V5bGfin5Kow,2025-10-01,1,386441,2220,92
i-8w5yDwukA,2025-10-01,2,18411094,551293,16089
goevAoHNK1s,2025-10-01,3,940080,154780,14864
PphD_FxM-rY,2025-10-01,4,459569,1713,40
AEP84U6ApSI,2025-10-01,5,2208259,81742,3559
qQ1-fVd7CEQ,2025-10-01,6,986903,63055,2089
03VCOfPR3m4,2025-10-01,7,187822,0,45
S1FGXOamA5I,2025-10-01,8,481715,26737,1060
rJRWkuPR_Dc,2025-10-01,9,974335,11137,726
H6l0q4l2NLo,2025-10-01,10,22771291,409518,50865
tINl0F8IdNU,2025-10-01,11,1547181,20884,407
LY4xBj6gi3A,2025-10-01,12,489194,51785,1447
ZBlnr2rAzpo,2025-10-01,13,101417,605,36
X5BkqaHMw8w,2025-10-01,14,209765,1854,31
I8ijG7rawCI,2025-10-01,15,643412,4331,0
yWHyOIJEaXI,2025-10-01,16,147031,774,7
ffF_H8sRChE,2025-10-01,17,413599,16753,1074
j_0RVBbgjEE,2025-10-01,18,2415851,73152,307
DltOttt9Otk,2025-10-01,19,213406,2217,100
BMEUYDmrO7A,2025-10-01,20,509928,21773,1003
32YruBh8Oyk,2025-10-01,21,588864,8391,561
ni_IiixSUJo,2025-10-01,22,214093,2971,157
Mod_oXpftJA,2025-10-01,23,46628373,608770,42435
o6gyfOjEf7Q,2025-10-01,24,1017884,11565,5
ylZjfgcnZLU,2025-10-01,25,435544,8038,463
F_4_3ZUyjsw,2025-10-01,26,443045,22897,1618
aEFoamREjwc,2025-10-01,27,823000,11471,51
Y2Zq3wSMATw,2025-10-01,28,316454,916,5
LON1x9Oss9g,2025-10-01,29,135908,4019,153
wVUZKW4W224,2025-10-01,30,638558,0,27
0jqy0xGtvGU,2025-10-01,31,114595,560,28
Axqjcl7zv70,2025-10-01,32,72372,474,2
KyY9u3CedGU,2025-10-01,33,146330,3465,389
F9qaS6UVr0E,2025-10-01,34,345063,1595,40
bqWqvR0Ui68,2025-10-01,35,81007,754,15
oczl5T4sdBU,2025-10-01,36,470069,11219,5223
pZ_VuGAVrZM,2025-10-01,37,128757,677,66
79LU5GyXm_g,2025-10-01,38,216018,12924,1740
m6Azlqs4ymI,2025-10-01,39,3639188,35156,62
o02BYgKU11E,2025-10-01,40,143029,698,11
1Bf_dKwSVCc,2025-10-01,41,115396,5085,876
HkdxNAZWUDg,2025-10-01,42,249939,2351,222
a3DKmMEDvnk,2025-10-01,43,1816900,13513,808
-IYLetAPi7w,2025-10-01,44,282376,5793,242
Gh_AV4emDZg,2025-10-01,45,650808,30188,4882
5G82isvtea8,2025-10-01,46,200874,20528,1516
tJvrIr5MEzw,2025-10-01,47,129871,4488,461
T61eeSETp_A,2025-10-01,48,486031,28772,72
82LTACwTuYk,2025-10-01,49,242532,1122,36
6uDOifcAwmU,2025-10-01,50,153195,8267,518
l4XG9VuHmRo,2025-10-01,51,569205,4483,0
XA_uBJjutgc,2025-10-01,52,125909,1212,8
mjp1az-se2s,2025-10-01,53,79764,4655,597
p20khBj0LF4,2025-10-01,54,440362,4140,292
C33V1I_RJig,2025-10-01,55,299227,4208,140
W8pv9CHwsE4,2025-10-01,56,426333,11734,272
EZhm9Cq4r8M,2025-10-01,57,697514,9230,76
MfinhQyr69w,2025-10-01,58,58173,498,7
63X-PFfCSnM,2025-10-01,59,1373202,31255,644
DGiCa4uFEec,2025-10-01,60,436107,2697,113
bmuzSekikag,2025-10-01,61,272343,1183,13
NH2_-4iZEn8,2025-10-01,62,6005325,55248,3379
PrMK54h7iVE,2025-10-01,63,84968,1346,30
m67XNq6Vm48,2025-10-01,64,70645,409,8
lse67h0uKGA,2025-10-01,65,31161,1152,16
4-v0ayvYNqE,2025-10-01,66,263393,10625,627
H-MvjcbZ-e4,2025-10-01,67,49189,270,25
-kPogg50t3Q,2025-10-01,68,181613,13167,2223
LG8Q--v0bWc,2025-10-01,69,773767,28422,312
-lyIQSkP1Js,2025-10-01,70,2353370,52012,1530
1YEZIdnlLSs,2025-10-01,71,98941,4267,81
fWl0JGfvY70,2025-10-01,72,353572,12911,1962
YkPPXJ4YxIw,2025-10-01,73,71862,244,6
eKrXq5O5ENg,2025-10-01,74,26848,3243,126
R2FxpaPPBUc,2025-10-01,75,238864,14541,15
4GsUmj4DR8g,2025-10-01,76,86813,856,68
mBaajrUMIYA,2025-10-01,77,204390,2238,56
C82dMA0GbzI,2025-10-01,78,657611,2090,0
yl3rnsVAYQE,2025-10-01,79,45773,310,20
BvnAMzVWPnA,2025-10-01,80,100012,7647,282
-xZM-6RrMdg,2025-10-01,81,1380884,135718,3042
a-j_-dzaE7U,2025-10-01,82,70175,2628,114
YudcmcBHkTA,2025-10-01,83,50076,3269,115
KTThv3Ithdg,2025-10-01,84,521316,9129,1
EnLM2b5NfzE,2025-10-01,85,285568,3313,54
5IDwzBo3SKo,2025-10-01,86,624038,16357,83
o-6Uzjl_eZs,2025-10-01,87,420367,48416,938
MivKhlsMKL0,2025-10-01,88,16675947,258431,20424
aGbfSbCw7_E,2025-10-01,89,68833,5077,510
jGKmY7GIbKk,2025-10-01,90,382498,11124,1646
JwC2l4PIrOU,2025-10-01,91,173267,23844,1445
rUZpnPH9KBo,2025-10-01,92,74227,6523,474
RzrYoLfbJ8I,2025-10-01,93,103718,1791,134
kMfpBQPeq88,2025-10-01,94,259179,466,2
MWUT9S9z_SQ,2025-10-01,95,53022,525,1
rtR6TPDIugg,2025-10-01,96,716910,10231,26
Y8DME6JTCX4,2025-10-01,97,63073,386,16
cVBSxkubme4,2025-10-01,98,19553,925,69
5zJYPbZnUBU,2025-10-01,99,160422,4033,244
l5QfBYKC55I,2025-10-01,100,165629,570,11
o595_5M6DT8,2025-10-01,101,85240,1117,260
IRkVHe1Wdx0,2025-10-01,102,89631,2851,1054
YQMAYQOIov8,2025-10-01,103,87341,480,5
QhynGsxXOFY,2025-10-01,104,243715,1486,30
buoyzcUHHIY,2025-10-01,105,428689,18850,1782
E7wGNwsPJv0,2025-10-01,106,208514,2148,268
WcTxGAqPSh0,2025-10-01,107,212534,14143,1394
1cqeXEzTUFc,2025-10-01,108,59421,3702,237
PI1Nh3fEAzw,2025-10-01,109,400460,6050,822
4B139zr53-w,2025-10-01,110,102971,7434,456
7d4LHLIHWFs,2025-10-01,111,455551,36252,4418
uq-W6zQeLOY,2025-10-01,112,182882,11313,354
d4M2LC0nRxs,2025-10-01,113,1769336,32948,6951
fyJghTWM_WU,2025-10-01,114,104683,3530,146
FNq3URz2dm4,2025-10-01,115,158857,4145,3
CRuYyLBZZgc,2025-10-01,116,84189,825,27
9fMgjESuQG0,2025-10-01,117,75745,1251,104
uTx56LQYabM,2025-10-01,118,130360,502,7
qqDioXIP6N4,2025-10-01,119,198025,1425,74
xsoSuXlzJOU,2025-10-01,120,38927,299,10
ho8UDSjW4Z0,2025-10-01,121,805980,47024,2872
4DW6fDAea-Q,2025-10-01,122,36968,217,5
veIKQlA0bUg,2025-10-01,123,327581,10991,74
-QGiNG7hnOE,2025-10-01,124,101831,20937,1143
SI2FSZFyBpU,2025-10-01,125,641790,9314,13
WkHW26waBZc,2025-10-01,126,75999,779,61
jL5UghlbRqw,2025-10-01,127,126845,11776,888
RuCm4n6nNoo,2025-10-01,128,66983,4919,0
WEN8CteeMdo,2025-10-01,129,236557,1521,7
e82AObN4IoQ,2025-10-01,130,134852,734,68
zxBawVohEU0,2025-10-01,131,72911,3548,380
jP5a9DzpvEk,2025-10-01,132,471892,5775,140
Cz91JoXgs24,2025-10-01,133,121556,1165,74
lAGBdFDtaVc,2025-10-01,134,111735,652,20
xuss1crPNK0,2025-10-01,135,126622,559,9
tG-pUiljSRg,2025-10-01,136,94460,803,66
bDJ6BSl4Cjg,2025-10-01,137,88953,240,1
v191OslwlUU,2025-10-01,138,209870,831,31
yEYTq2rxxH0,2025-10-01,139,382578,29722,3322
rJGDxGEiyRU,2025-10-01,140,41440,183,3
-A5LSlmWro4,2025-10-01,141,684591,19771,3628
33Rx1YOggw4,2025-10-01,142,47650,446,8
3bZq_K3EWZ8,2025-10-01,143,271440,10247,12
LTV4LxrOj0k,2025-10-01,144,25893,130,4
sXafZN9pwuw,2025-10-01,145,55959,190,3
_1wEu6i3YMw,2025-10-01,146,135268,706,22
aUZzxW9ewvY,2025-10-01,147,120498,480,3
1xAjZaydSsY,2025-10-01,148,77235,252,14
h4bqicdDInw,2025-10-01,149,87274,6994,911
T8CvpWUkang,2025-10-01,150,42081,378,12
NrxZZbZc7IM,2025-10-01,151,276159,6939,160
6axtlUNuPdw,2025-10-01,152,75643,471,13
0VjGDlWEbtQ,2025-10-01,153,218921,829,22
-bRaGEk3PYg,2025-10-01,154,24219,223,33
9NfzdwxL0XY,2025-10-01,155,261740,6964,504
Rj_G8TZhhyo,2025-10-01,156,57440,7273,813
eAj7tau_-k0,2025-10-01,157,113898,3334,118
aV4KtSuWJ_g,2025-10-01,158,40002,226,22
P3Er-U8LwZ0,2025-10-01,159,101334,9158,115
eQ-sVvk8r9Q,2025-10-01,160,119776,447,9
uT4fMkc90tQ,2025-10-01,161,215393,1895,1
qK4f-QR6FzQ,2025-10-01,162,22713,159,4
0HugxcMyI7Y,2025-10-01,163,425850,0,16
c5HDm5TeIU8,2025-10-01,164,33002,425,46
5szRsH21VIE,2025-10-01,165,100592,1798,96
Oqa61XN693Y,2025-10-01,166,87810,501,42
kyBYch0Trck,2025-10-01,167,130211,7811,423
jRITHaS9SDo,2025-10-01,168,31960,0,4
kkKTBIDC37Q,2025-10-01,169,68384,6834,282
n2veq3YfU7Q,2025-10-01,170,72531,358,6
8kMTPZon3Y4,2025-10-01,171,1417478,95293,1500
5U36ahKnkTw,2025-10-01,172,145559,1499,91
wTZ1axVJOYY,2025-10-01,173,281631,0,15
gN9uiJTUNoc,2025-10-01,174,71597,324,11
sJibadDxj0c,2025-10-01,175,367809,10292,89
dOOEgQouoPo,2025-10-01,176,190044,4459,122
j0N4ILElP2M,2025-10-01,177,1969442,101760,4118
qmzrkJ8HFi4,2025-10-01,178,56757,252,6
s9ITphBaq2Y,2025-10-01,179,272252,2127,125
yolRx1h8LjM,2025-10-01,180,160638,4457,87
Una6ZMVX_jo,2025-10-01,181,63188,3278,435
5dHkCo9RPeQ,2025-10-01,182,79579,1637,76
lbXEHHoL_Wc,2025-10-01,183,537253,1028,0
qGYELELzrdg,2025-10-01,184,42248,292,3
XaQS10RZ4ks,2025-10-01,185,712805,6863,5
m0yqix2lJ3w,2025-10-01,186,141367,882,143
jYkQN2ukMec,2025-10-01,187,110687,3008,2
c-RKv_j692A,2025-10-01,188,15376,94,0
89lHb9sd6v0,2025-10-01,189,46621,1153,12
A4nvqEBW0w4,2025-10-01,190,35434,300,9
LyyZPqcUNLw,2025-10-01,191,50416,3924,928
9nN3lpx6Ptk,2025-10-01,192,43356,641,18
PJS_C3EXgQY,2025-10-01,193,216681,5494,2094
71-VyomEJA8,2025-10-01,194,51436,3897,143
mBGWlYdPXTM,2025-10-01,195,71079,4352,272
QdI5ve_37Xo,2025-10-01,196,62353,792,111
Zm1u7RZdAZQ,2025-10-01,197,73113,1056,144
uR7vNp8NUSY,2025-10-01,198,61999,673,81
2XMIeG-0SF0,2025-10-01,199,144551,4178,95
Y-K1gRpPHWc,2025-10-01,200,128883,564,20
fGl2jPFpXhg,2025-10-02,1,216533,1900,185
D3Se71O96i0,2025-10-02,2,1844026,102731,5987
OQHQfBLxaMc,2025-10-02,3,1141161,14744,1092
1Vx7oEucQDM,2025-10-02,4,197146,1316,44
i-8w5yDwukA,2025-10-02,5,19356054,559911,16269
AW-2-7J1t54,2025-10-02,6,641936,9755,0
K_JkTEW_ucY,2025-10-02,7,231622,3646,137
S1FGXOamA5I,2025-10-02,8,779678,33221,1255
FxKCokGDDQc,2025-10-02,9,481420,54123,1427
usQvctB7Mi0,2025-10-02,10,483319,39785,1308
AEP84U6ApSI,2025-10-02,11,6312488,130522,4952
igItYygsrqg,2025-10-02,12,555166,56474,4814
V5bGfin5Kow,2025-10-02,13,421252,2250,95
X5BkqaHMw8w,2025-10-02,14,521422,2901,41
h35qHMm-1Xs,2025-10-02,15,370592,24868,3888
kU_AfDuc3Cc,2025-10-02,16,167917,1744,93
Lo9iElJpdqg,2025-10-02,17,69938,854,77
HUYWQEAinFE,2025-10-02,18,1802604,45217,1098
NoydFRnnUXY,2025-10-02,19,132539,1408,133
tINl0F8IdNU,2025-10-02,20,1654092,23541,464
2GQ2DD7ZLZQ,2025-10-02,21,286721,3230,153
PphD_FxM-rY,2025-10-02,22,564611,1947,40
8aulMPhE12g,2025-10-02,23,2659152,79928,3508
ieAAz-9IVeA,2025-10-02,24,891948,3705,2
YSSFziwMO7k,2025-10-02,25,257276,1893,98
LON1x9Oss9g,2025-10-02,26,239430,5084,166
OCrBiNpMX5k,2025-10-02,27,691534,61991,125
93FkozMf2lw,2025-10-02,28,318687,1297,40
h5-FTD9uggk,2025-10-02,29,178493,40430,732
DBjKZNQsORY,2025-10-02,30,503392,2580,1
03VCOfPR3m4,2025-10-02,31,205876,0,41
ffF_H8sRChE,2025-10-02,32,439411,17200,1096
DF0wPwlLApM,2025-10-02,33,548141,17586,579
H6l0q4l2NLo,2025-10-02,34,30731091,422597,51224
Mod_oXpftJA,2025-10-02,35,48263498,613632,42544
8N-GbYln-sM,2025-10-02,36,443716,27042,49
lSel9b5lhpg,2025-10-02,37,131229,874,30
BMEUYDmrO7A,2025-10-02,38,540416,22428,1024
goevAoHNK1s,2025-10-02,39,1063388,164822,16153
TyehaVMjkKc,2025-10-02,40,375863,69520,5621
F_4_3ZUyjsw,2025-10-02,41,463454,23437,1652
L0WUWOzNGOM,2025-10-02,42,238582,707,24
Hy_gdk-2Wu0,2025-10-02,43,57029,411,25
IBmJdNV-msY,2025-10-02,44,14605,1083,35
8Mvfn-k57I0,2025-10-02,45,107220,2210,67
ni_IiixSUJo,2025-10-02,46,552240,5617,252
qmn1tsEe0Uo,2025-10-02,47,203621,5876,154
KXGN_HY4iOA,2025-10-02,48,327409,57070,1177
qZCktlYX3Xc,2025-10-02,49,135308,1123,56
cO6cgYgJVtk,2025-10-02,50,79413,771,15
VAz5wwrZ-O8,2025-10-02,51,246434,2774,30
JsGH4etsjq8,2025-10-02,52,169907,1131,80
bqWqvR0Ui68,2025-10-02,53,108382,992,19
frPQDs3EadQ,2025-10-02,54,204429,0,14
1rocWh6JM_Q,2025-10-02,55,299775,980,22
cLz-su-nm3k,2025-10-02,56,50799,1983,159
87EYwNjHXSQ,2025-10-02,57,826729,51844,1439
5G82isvtea8,2025-10-02,58,394384,26784,1809
Zr7yNROFjOA,2025-10-02,59,38108,1931,253
WQOY9wcgqJo,2025-10-02,60,130172,534,8
pfm5-1OK9ho,2025-10-02,61,279148,1511,83
-IYLetAPi7w,2025-10-02,62,331401,6325,277
GPt0owLJv_Y,2025-10-02,63,660043,27754,167
DltOttt9Otk,2025-10-02,64,305111,2678,129
79LU5GyXm_g,2025-10-02,65,228817,13251,1789
9WfWBv7xbL0,2025-10-02,66,355650,19329,1846
nYUemWiyImk,2025-10-02,67,59408,561,46
cVBSxkubme4,2025-10-02,68,39531,1334,75
0kJrOE6n-Zg,2025-10-02,69,114751,354,12
t2od_p1Y2a8,2025-10-02,70,957239,46359,2569
1Bf_dKwSVCc,2025-10-02,71,119745,5164,894
32YruBh8Oyk,2025-10-02,72,720172,9661,623
vVWbEjVlFoo,2025-10-02,73,147884,930,26
A3c9BZBnV2I,2025-10-02,74,79587,293,15
yWHyOIJEaXI,2025-10-02,75,168523,890,10
4-v0ayvYNqE,2025-10-02,76,449878,15915,857
ylZjfgcnZLU,2025-10-02,77,701761,11707,620
WYePpdO7cTg,2025-10-02,78,1819641,85009,1453
2Pta29pxTbk,2025-10-02,79,386069,16622,888
EvtT6R7dFUI,2025-10-02,80,1328740,156436,2536
XA_uBJjutgc,2025-10-02,81,328197,2916,17
dvoz2iQiu2o,2025-10-02,82,225847,3602,6
xsoSuXlzJOU,2025-10-02,83,139281,747,20
JheZ9dLZgbE,2025-10-02,84,217536,3641,195
OC8ufhB8Msg,2025-10-02,85,76820,10444,575
5zJYPbZnUBU,2025-10-02,86,337089,6697,357
OOL1YF6kcUE,2025-10-02,87,57825,1030,129
QZJffnHbSU8,2025-10-02,88,369429,8564,963
Pv8y7nT1f_Y,2025-10-02,89,145343,7759,454
oczl5T4sdBU,2025-10-02,90,609707,13051,6071
baH8HXlu_kw,2025-10-02,91,80241,575,34
K5KuQfifS3E,2025-10-02,92,726468,87442,2209
4B139zr53-w,2025-10-02,93,208367,10095,570
g_lEmYNh_4U,2025-10-02,94,57389,570,21
XJplHwh1XOY,2025-10-02,95,58496,395,15
5szRsH21VIE,2025-10-02,96,238749,3067,131
ThliCHl33Bo,2025-10-02,97,108245,9732,668
YQMAYQOIov8,2025-10-02,98,200081,970,15
Y2Zq3wSMATw,2025-10-02,99,467885,1229,9
j_0RVBbgjEE,2025-10-02,100,2434072,73336,314
aAjI0--96j4,2025-10-02,101,70413,8678,509
R0n9_uDndaA,2025-10-02,102,204689,3505,2
WkyhjkNvwSo,2025-10-02,103,117096,897,59
wVUZKW4W224,2025-10-02,104,872610,0,33
RuCm4n6nNoo,2025-10-02,105,222881,11777,0
VEsHZ5WmX1U,2025-10-02,106,231756,4404,438
1dMkkmDl5_U,2025-10-02,107,115227,505,19
bhRDCtaUXsg,2025-10-02,108,149693,2758,81
f3NEnwZ-bzA,2025-10-02,109,96309,566,12
PrMK54h7iVE,2025-10-02,110,142806,2021,70
KR_eQVlEHYc,2025-10-02,111,33808,142,10
GjC8bCrczmQ,2025-10-02,112,94677,1640,7
IRkVHe1Wdx0,2025-10-02,113,201435,4350,1198
o6gyfOjEf7Q,2025-10-02,114,1019770,11536,5
KkSiYdAJIqE,2025-10-02,115,336556,3149,48
jL5UghlbRqw,2025-10-02,116,227589,16450,1098
LBeGV7eKul4,2025-10-02,117,82212,305,3
7GCzNsA4-ec,2025-10-02,118,69006,220,2
HOzO7J4_bts,2025-10-02,119,75123,951,84
D-Y9O8BrIC4,2025-10-02,120,51025,218,3
PQUvilKf0AA,2025-10-02,121,131522,441,16
aEFoamREjwc,2025-10-02,122,830706,11612,64
Q2iSihhliYk,2025-10-02,123,46934,9052,1460
p20khBj0LF4,2025-10-02,124,537644,4676,322
zuMA6CwXpLE,2025-10-02,125,43108,366,0
vdWoGsE5em8,2025-10-02,126,459715,4184,112
DC-MxBPCCCw,2025-10-02,127,256394,1239,70
S9f5rlYBQpM,2025-10-02,128,153758,9595,852
MfinhQyr69w,2025-10-02,129,128233,1035,9
aDHft6Mezv4,2025-10-02,130,53340,934,273
YkPPXJ4YxIw,2025-10-02,131,117866,370,8
EZhm9Cq4r8M,2025-10-02,132,857267,11248,88
F9qaS6UVr0E,2025-10-02,133,385144,1752,40
LkWds7K2Jic,2025-10-02,134,67872,3146,671
jBY3u8u4tus,2025-10-02,135,83185,249,3
fNbQwkDqduI,2025-10-02,136,247269,17456,1834
0jqy0xGtvGU,2025-10-02,137,125452,597,28
FSbvk6lVXtw,2025-10-02,138,581807,7477,1
Jik_9aSQh8Q,2025-10-02,139,75052,411,34
khFwWDThFo0,2025-10-02,140,168244,2868,237
fyJghTWM_WU,2025-10-02,141,236331,5424,194
KyY9u3CedGU,2025-10-02,142,168098,3712,410
rofD8OXyO-c,2025-10-02,143,34978,266,12
Rm7y2sV4xcA,2025-10-02,144,352883,6051,0
o02BYgKU11E,2025-10-02,145,157599,751,12
m6Azlqs4ymI,2025-10-02,146,3640259,35142,62
y423L9OwFPo,2025-10-02,147,89539,854,20
xZmDaLSIFsE,2025-10-02,148,26961,531,9
-QGiNG7hnOE,2025-10-02,149,363670,33644,2120
Vfg2jeKa9tA,2025-10-02,150,100273,5428,931
ZG6MmUZ0JcQ,2025-10-02,151,308016,6685,228
VlG77KPjOJ4,2025-10-02,152,182840,14583,896
MivKhlsMKL0,2025-10-02,153,17674517,317142,20604
7d4LHLIHWFs,2025-10-02,154,535791,39665,4764
CbTDsHtIjhA,2025-10-02,155,36368,232,15
89lHb9sd6v0,2025-10-02,156,117450,2479,33
PEM998SquxU,2025-10-02,157,121690,1131,29
yX3aQ3QHB5E,2025-10-02,158,91557,2117,8
8q_0wQZ5QIo,2025-10-02,159,112933,1424,164
RzrYoLfbJ8I,2025-10-02,160,136394,2219,152
CRuYyLBZZgc,2025-10-02,161,160095,1260,39
8Ku9T54wzyQ,2025-10-02,162,110858,7720,2464
sh7My2gANUY,2025-10-02,163,288719,24676,1154
4MJ3r1RkzSk,2025-10-02,164,193753,2751,152
wC7PHn_TfrI,2025-10-02,165,293405,12452,0
l4XG9VuHmRo,2025-10-02,166,569414,4484,0
05Fb8jNzfEQ,2025-10-02,167,132834,4585,180
wrT6Hr2ZyN8,2025-10-02,168,69364,6771,396
BhNWsSeP9zc,2025-10-02,169,84718,756,39
sXafZN9pwuw,2025-10-02,170,114852,372,3
di8OHjcqVmk,2025-10-02,171,61285,900,31
GgII5rjozC0,2025-10-02,172,40755,1033,59
C33V1I_RJig,2025-10-02,173,358974,4579,147
JnoF-4f01tw,2025-10-02,174,66231,5626,201
wlNkpOsUnb8,2025-10-02,175,25050,270,15
WcTxGAqPSh0,2025-10-02,176,278727,16082,1627
-lyIQSkP1Js,2025-10-02,177,2579042,54617,1620
o595_5M6DT8,2025-10-02,178,112460,1373,303
33Rx1YOggw4,2025-10-02,179,106099,951,15
42Kw2oyRvEk,2025-10-02,180,90268,0,2
CliH4O5F11Y,2025-10-02,181,131148,1358,132
iqJpRdcHYXo,2025-10-02,182,353057,14294,11
_cS8QP5cm5U,2025-10-02,183,35937,272,31
Do2Kq5uAGug,2025-10-02,184,655777,16016,17
cu-K77qu-90,2025-10-02,185,59706,130,4
4qwh-AiGh_Q,2025-10-02,186,205036,2363,0
UKr-k_T_FcA,2025-10-02,187,103744,1521,17
jHm2hHcsP3k,2025-10-02,188,26656,1211,89
dbVdgpf1Ygs,2025-10-02,189,300595,865,8
C82dMA0GbzI,2025-10-02,190,728268,2445,0
JwC2l4PIrOU,2025-10-02,191,228867,27427,1607
xsOP4oO0tkU,2025-10-02,192,102477,4251,328
82LTACwTuYk,2025-10-02,193,252274,1147,38
9fMgjESuQG0,2025-10-02,194,97199,1484,141
bmuzSekikag,2025-10-02,195,312155,1340,17
sESVTkOz4k8,2025-10-02,196,189049,6049,154
CJRZNqNIxBg,2025-10-02,197,25618,374,51
nRBpnDo6jSY,2025-10-02,198,206482,15823,5839
MSq-fSj8FsU,2025-10-02,199,45770,588,67
BQUh9bttxIY,2025-10-02,200,104866,3257,17
usQvctB7Mi0,2025-10-03,1,4343128,99400,2461
D3Se71O96i0,2025-10-03,2,2638905,120851,6612
LqDNUehJBgs,2025-10-03,3,1049769,24140,840
K_JkTEW_ucY,2025-10-03,4,567524,6513,201
LixDSK0BRFs,2025-10-03,5,19118757,518749,30105
E_vAS4OY5MY,2025-10-03,6,1495108,72945,468
4TJOiXqiHAY,2025-10-03,7,224636,3037,116
i-8w5yDwukA,2025-10-03,8,19790847,564548,16349
n9eYHCJswlw,2025-10-03,9,478939,9037,613
OC8ufhB8Msg,2025-10-03,10,2310575,23871,1232
ZGn3Qj3-pHc,2025-10-03,11,499521,3539,40
JFQDffn16hc,2025-10-03,12,418820,49521,1194
Ajdy4zbmX3c,2025-10-03,13,646328,66187,9561
7uBy1gkgWxQ,2025-10-03,14,845622,25899,737
pZzGZrVIs4Y,2025-10-03,15,686290,13017,1196
22uewwbew-4,2025-10-03,16,95399,374,2
S1FGXOamA5I,2025-10-03,17,893194,35160,1301
02tFqeA_AoQ,2025-10-03,18,669891,10813,26
fGl2jPFpXhg,2025-10-03,19,230024,1916,187
AEP84U6ApSI,2025-10-03,20,6967533,151158,5589
igItYygsrqg,2025-10-03,21,952464,80524,6212
1Vx7oEucQDM,2025-10-03,22,232935,1496,48
X5BkqaHMw8w,2025-10-03,23,736136,3455,46
mMWWhzCgY4M,2025-10-03,24,229622,1427,0
YSSFziwMO7k,2025-10-03,25,403047,2695,134
C_DA9dS8Muo,2025-10-03,26,181869,3275,96
N1Is4hNLCvg,2025-10-03,27,464145,27906,46
rofD8OXyO-c,2025-10-03,28,144771,923,41
h5-FTD9uggk,2025-10-03,29,2084190,153878,5643
h35qHMm-1Xs,2025-10-03,30,612143,31968,5157
V5bGfin5Kow,2025-10-03,31,427420,2208,93
Lo9iElJpdqg,2025-10-03,32,120637,1188,114
9lI8LG68uOM,2025-10-03,33,776188,4046,5
kU_AfDuc3Cc,2025-10-03,34,181870,1805,94
tINl0F8IdNU,2025-10-03,35,1723061,24853,482
6qTbCGtP1uA,2025-10-03,36,427311,5890,437
NoydFRnnUXY,2025-10-03,37,138326,1430,134
8aulMPhE12g,2025-10-03,38,4730620,102517,4491
lgvOFMh6pWM,2025-10-03,39,119329,398,4
t2od_p1Y2a8,2025-10-03,40,1157846,48177,2964
HJzSlErp1vw,2025-10-03,41,310487,11565,447
JheZ9dLZgbE,2025-10-03,42,573379,6858,350
svcboYY81wU,2025-10-03,43,2454678,121899,7041
B4Z5i4lYtEE,2025-10-03,44,92576,1593,0
7D_A8XbGKus,2025-10-03,45,85198,1496,43
fmb2R2mfOOo,2025-10-03,46,49394,7856,851
KksfsUK6Yfo,2025-10-03,47,1346199,29073,2097
DF0wPwlLApM,2025-10-03,48,1089173,18241,592
67sWVZSuXnM,2025-10-03,49,732158,66425,3705
LON1x9Oss9g,2025-10-03,50,350379,5514,174
FW1gTv46EOA,2025-10-03,51,247980,9465,1092
TyehaVMjkKc,2025-10-03,52,526150,81460,6229
tunLdMLD_xc,2025-10-03,53,107690,2057,58
05e4qj8JCYg,2025-10-03,54,843032,5986,3
93FkozMf2lw,2025-10-03,55,376686,1418,41
cLz-su-nm3k,2025-10-03,56,185455,3304,184
MMBfiSjVgLY,2025-10-03,57,356166,3254,145
PphD_FxM-rY,2025-10-03,58,577420,1938,40
ffF_H8sRChE,2025-10-03,59,453240,17443,1109
n2PJqaHUI0Q,2025-10-03,60,313317,4223,0
ni_IiixSUJo,2025-10-03,61,727491,6765,290
vQC1kOPyhek,2025-10-03,62,198729,25251,501
rVAUq-5Cs00,2025-10-03,63,118106,1364,28
FIX0HTCpdis,2025-10-03,64,175245,2214,3
H6l0q4l2NLo,2025-10-03,65,31593909,430284,51438
fNbQwkDqduI,2025-10-03,66,625989,28978,2649
rZ8uVuIPUqg,2025-10-03,67,141972,16365,2253
73ZFIH_uqWY,2025-10-03,68,81871,1726,9
03VCOfPR3m4,2025-10-03,69,208839,0,41
6_XAyXGtOc4,2025-10-03,70,167867,8734,509
lSel9b5lhpg,2025-10-03,71,144565,904,30
HL8xYKogiF4,2025-10-03,72,464627,934,0
Hy_gdk-2Wu0,2025-10-03,73,66670,439,26
3a5JWodePjA,2025-10-03,74,194244,5217,934
XA_uBJjutgc,2025-10-03,75,573717,4851,32
bqurSw8fZyI,2025-10-03,76,544829,9729,1
2Pta29pxTbk,2025-10-03,77,595560,20318,980
rPQTKWhuBe8,2025-10-03,78,559038,9088,56
1rocWh6JM_Q,2025-10-03,79,429303,1257,35
2GQ2DD7ZLZQ,2025-10-03,80,427589,3588,111
ThliCHl33Bo,2025-10-03,81,192788,12577,739
8Mvfn-k57I0,2025-10-03,82,164883,3050,82
Ej6BjRFRYks,2025-10-03,83,1030771,116256,18295
AkqDFXqQi8k,2025-10-03,84,1536983,27899,1261
-ne8iFefgpc,2025-10-03,85,91940,7041,324
RDQ8rKZALsU,2025-10-03,86,242800,16602,1785
gV4RvMW0cWw,2025-10-03,87,29351,332,39
9WfWBv7xbL0,2025-10-03,88,491278,23169,2068
Q2iSihhliYk,2025-10-03,89,145800,15628,1901
GZcH2R8qIlM,2025-10-03,90,891379,12716,2
Pv8y7nT1f_Y,2025-10-03,91,249226,10447,561
frPQDs3EadQ,2025-10-03,92,313429,0,23
jBY3u8u4tus,2025-10-03,93,190125,434,4
C60dgFKt7nI,2025-10-03,94,116581,445,3
qZCktlYX3Xc,2025-10-03,95,153533,1208,61
HwWCXZN7CCA,2025-10-03,96,880434,10060,7
-25zAeAkegI,2025-10-03,97,1288801,104644,6986
Vsw_j-j59LA,2025-10-03,98,203657,3168,7
PUb4LCM3Y1k,2025-10-03,99,78027,225,9
402ximQxSzI,2025-10-03,100,995848,18369,23
RuCm4n6nNoo,2025-10-03,101,381455,17639,0
Bcpq6nToQGE,2025-10-03,102,128054,1295,5
f3NEnwZ-bzA,2025-10-03,103,207842,1070,28
ou-eBcDsGQg,2025-10-03,104,114716,2781,260
LBeGV7eKul4,2025-10-03,105,177600,626,7
WQOY9wcgqJo,2025-10-03,106,257224,1011,20
ylZjfgcnZLU,2025-10-03,107,907767,14123,721
OVUrggZgh_k,2025-10-03,108,84492,1388,92
pfm5-1OK9ho,2025-10-03,109,299179,1529,83
RODoLDlbtqE,2025-10-03,110,264798,7076,1898
DltOttt9Otk,2025-10-03,111,325941,2766,133
VAz5wwrZ-O8,2025-10-03,112,398699,3582,42
icenxqWWpmc,2025-10-03,113,37426,66,3
ypquutBfNFg,2025-10-03,114,77019,476,32
rmYutGqFmp4,2025-10-03,115,30102,468,42
0kJrOE6n-Zg,2025-10-03,116,188804,540,15
QUqvtxw2Ny4,2025-10-03,117,41589,155,4
koN7yXSY3JY,2025-10-03,118,333975,12829,1971
nYUemWiyImk,2025-10-03,119,66933,573,47
3la0Rr35QYc,2025-10-03,120,61463,860,9
4B139zr53-w,2025-10-03,121,271537,11305,626
DBjKZNQsORY,2025-10-03,122,503343,2566,1
baH8HXlu_kw,2025-10-03,123,101640,696,41
8Ku9T54wzyQ,2025-10-03,124,226469,11946,3731
bOnlaFjHq-E,2025-10-03,125,27564,173,6
4eAsrtJJ-xA,2025-10-03,126,135861,12039,990
yWHyOIJEaXI,2025-10-03,127,174910,899,10
YFnepNI6E9w,2025-10-03,128,186924,2627,220
dbVdgpf1Ygs,2025-10-03,129,594284,1505,12
VEsHZ5WmX1U,2025-10-03,130,388754,5862,575
xsoSuXlzJOU,2025-10-03,131,175371,883,25
MqxNNnpQuyU,2025-10-03,132,206649,2094,4
PeEEWYKkf98,2025-10-03,133,22629,1966,74
tsg4lTJtMFw,2025-10-03,134,976649,85147,1370
OOL1YF6kcUE,2025-10-03,135,79311,1143,138
S0qzT5re_iE,2025-10-03,136,166822,2138,97
WkyhjkNvwSo,2025-10-03,137,202230,1349,92
UpjAxOsroHQ,2025-10-03,138,67407,269,14
z4C82B22F9I,2025-10-03,139,85078,918,112
jHm2hHcsP3k,2025-10-03,140,90854,2312,130
EoheCdhShFQ,2025-10-03,141,29852,105,4
goevAoHNK1s,2025-10-03,142,1119941,168860,16518
SVV8T0vVB1o,2025-10-03,143,49105,418,35
8sW0BtVOPSs,2025-10-03,144,64418,1490,166
wC7PHn_TfrI,2025-10-03,145,518500,18239,0
L0WUWOzNGOM,2025-10-03,146,247437,728,22
cu-K77qu-90,2025-10-03,147,132324,283,6
oz3m2J4ZkNs,2025-10-03,148,91610,0,4
tPe2UKg_3C0,2025-10-03,149,81150,889,75
UQjhG3NpTE8,2025-10-03,150,204037,3364,4
IRkVHe1Wdx0,2025-10-03,151,276556,5098,1254
WlYWHf72B-Q,2025-10-03,152,151937,899,100
MfinhQyr69w,2025-10-03,153,201272,1664,11
SXAwIHOLmjY,2025-10-03,154,304211,22155,196
8b71gm30nts,2025-10-03,155,130051,8944,260
03WoewwL_k0,2025-10-03,156,114020,0,201
BhNWsSeP9zc,2025-10-03,157,171971,1152,45
ipiIjN6cFxk,2025-10-03,158,356032,4571,1
di8OHjcqVmk,2025-10-03,159,129459,1475,38
VYDrli-zkuA,2025-10-03,160,82765,5611,2873
XJplHwh1XOY,2025-10-03,161,62929,407,16
WpJL5YQMOoc,2025-10-03,162,70574,1073,168
0K9d3HxCW5U,2025-10-03,163,81162,148,1
XpwbfgV0RTI,2025-10-03,164,485736,11655,9
fyJghTWM_WU,2025-10-03,165,307695,5994,204
GPt0owLJv_Y,2025-10-03,166,841950,42715,171
MivKhlsMKL0,2025-10-03,167,18080830,321327,20770
rNQKmEm0lEY,2025-10-03,168,339165,1530,2
Tr3CwOXqJj8,2025-10-03,169,43115,265,10
YvMeeljjB5E,2025-10-03,170,38757,2011,139
fC4rFGUw0WA,2025-10-03,171,57051,3521,301
9dc0J9TtQHg,2025-10-03,172,67967,5590,638
KkSiYdAJIqE,2025-10-03,173,449028,3955,63
pHlk4_VROro,2025-10-03,174,2002257,35015,8841
0c7LZALhzxY,2025-10-03,175,108029,1896,0
uFl4c2Bs-cE,2025-10-03,176,207397,1815,0
Kv9y-wtuOVo,2025-10-03,177,37430,209,5
5L7JdGL9vG8,2025-10-03,178,236460,3156,1
qnAL1d-rxYQ,2025-10-03,179,38716,566,51
E_IXIZ_sRDI,2025-10-03,180,590433,5598,0
x8qyMDHnufI,2025-10-03,181,54420,783,24
uATlpJZxWXc,2025-10-03,182,52356,863,15
hNddSoqMXkE,2025-10-03,183,22933,218,6
-tUHraif8ho,2025-10-03,184,171508,478,1
1dMkkmDl5_U,2025-10-03,185,119186,515,19
zxw7x0HGNL8,2025-10-03,186,89161,10211,714
UKr-k_T_FcA,2025-10-03,187,177437,2260,18
uRJrrgCXldc,2025-10-03,188,136545,2842,0
zuMA6CwXpLE,2025-10-03,189,72060,599,0
SZra-FyAAEg,2025-10-03,190,112844,3334,3
HOzO7J4_bts,2025-10-03,191,127021,1175,94
ByuPdIKmCyI,2025-10-03,192,227638,3597,101
y423L9OwFPo,2025-10-03,193,148518,1050,23
j73RaigGLWQ,2025-10-03,194,34031,420,34
CRuYyLBZZgc,2025-10-03,195,247897,1468,45
grtYP70hsZ4,2025-10-03,196,82819,3418,177
KR_eQVlEHYc,2025-10-03,197,35999,148,13
Sr7ILF_Dipg,2025-10-03,198,993453,145499,2689
33Rx1YOggw4,2025-10-03,199,184565,1547,24
-xYkkaEgMDU,2025-10-03,200,116905,0,13
hRNAVOzOukU,2025-10-04,1,210752,1135,50
D3Se71O96i0,2025-10-04,2,2820929,123353,6724
hkRGAj88T0E,2025-10-04,3,1734853,14533,288
usQvctB7Mi0,2025-10-04,4,4855192,128835,2676
LixDSK0BRFs,2025-10-04,5,22757501,551948,30607
yuqODTEezWI,2025-10-04,6,824531,6784,4
K_JkTEW_ucY,2025-10-04,7,836804,8563,223
ZGn3Qj3-pHc,2025-10-04,8,890085,4689,54
n9eYHCJswlw,2025-10-04,9,1021287,14254,803
L8sJ8ZP43_4,2025-10-04,10,86739,857,43
i-8w5yDwukA,2025-10-04,11,20075544,567987,16421
zwYSgxEqoqk,2025-10-04,12,643710,7908,699
xecWPKOBfG4,2025-10-04,13,135177,515,16
7uBy1gkgWxQ,2025-10-04,14,1377059,36036,998
E_vAS4OY5MY,2025-10-04,15,2364209,73980,1058
4TJOiXqiHAY,2025-10-04,16,465603,5221,158
S1FGXOamA5I,2025-10-04,17,939670,36288,1323
UEfAgCpQkJ0,2025-10-04,18,483618,18463,4337
rZ8uVuIPUqg,2025-10-04,19,536347,30193,3209
AEP84U6ApSI,2025-10-04,20,7338895,162419,5795
Z38ho_UCPyg,2025-10-04,21,949422,13539,8
r5lifKt5wK0,2025-10-04,22,201278,6261,249
X5BkqaHMw8w,2025-10-04,23,854869,3799,51
5hTf1W1jN5U,2025-10-04,24,389565,22647,2495
Ajdy4zbmX3c,2025-10-04,25,1245901,92819,12250
C_DA9dS8Muo,2025-10-04,26,262384,4195,109
LqDNUehJBgs,2025-10-04,27,1116144,24188,848
OC8ufhB8Msg,2025-10-04,28,4649656,28695,1515
h5-FTD9uggk,2025-10-04,29,2227991,154907,5531
alskud1RhNM,2025-10-04,30,237026,3429,437
-yaUiBlOYn0,2025-10-04,31,475390,42356,837
Lo9iElJpdqg,2025-10-04,32,142535,1305,130
U3Fq-dhkF10,2025-10-04,33,471844,60002,5904
lZPGgVm2RJk,2025-10-04,34,177996,2368,305
6KLkZ6wNiLE,2025-10-04,35,68777,1236,123
iMP3wSGl8ks,2025-10-04,36,474832,28054,52
22uewwbew-4,2025-10-04,37,150674,513,3
tINl0F8IdNU,2025-10-04,38,1765804,25772,491
KsGxaqTT1Uw,2025-10-04,39,488366,8658,2
WIxL6mvMDA4,2025-10-04,40,309660,12955,399
8aulMPhE12g,2025-10-04,41,6098467,116762,4929
JKo94E6CUJY,2025-10-04,42,366131,4560,7
svcboYY81wU,2025-10-04,43,6134155,179462,9477
HJzSlErp1vw,2025-10-04,44,434780,14073,521
yPmoxIxfBUs,2025-10-04,45,94605,1759,66
rVAUq-5Cs00,2025-10-04,46,261829,2663,63
DDmjO1temAo,2025-10-04,47,90951,327,7
rofD8OXyO-c,2025-10-04,48,206685,1174,43
pZzGZrVIs4Y,2025-10-04,49,927617,15359,1359
Iq1jMdMiWGo,2025-10-04,50,124017,333,3
lqgHg-6XCV8,2025-10-04,51,653539,20882,2189
t2od_p1Y2a8,2025-10-04,52,1294253,49328,2818
copjZuE7R0c,2025-10-04,53,482231,18942,2573
fmb2R2mfOOo,2025-10-04,54,80930,9871,1017
EDudELUEC-E,2025-10-04,55,591247,3848,20
icenxqWWpmc,2025-10-04,56,94822,164,3
pBE21vcFXsM,2025-10-04,57,1156542,114976,1955
fGl2jPFpXhg,2025-10-04,58,231298,1922,187
3OH0eyCEO0c,2025-10-04,59,277618,14232,3135
YSSFziwMO7k,2025-10-04,60,446272,2947,144
OVUrggZgh_k,2025-10-04,61,223674,2500,156
Ej6BjRFRYks,2025-10-04,62,9574880,219921,52146
FW1gTv46EOA,2025-10-04,63,417114,12183,1256
BHKvNvuMXdk,2025-10-04,64,64540,317,12
RsH1lwuljEk,2025-10-04,65,112374,3388,496
1Vx7oEucQDM,2025-10-04,66,245091,1551,49
ql7fEAzaG1k,2025-10-04,67,119938,5979,213
PUb4LCM3Y1k,2025-10-04,68,179706,423,13
drTJLz_Yoyk,2025-10-04,69,187685,9500,740
8b71gm30nts,2025-10-04,70,202814,11483,328
lgvOFMh6pWM,2025-10-04,71,198890,621,5
2drBOxrFl4s,2025-10-04,72,114780,1789,94
aYNitvYz2pM,2025-10-04,73,99755,6187,616
Tr3CwOXqJj8,2025-10-04,74,151215,912,57
c4Q_ufgdAbw,2025-10-04,75,297822,11235,90
W3__Ss1bpPQ,2025-10-04,76,45192,246,5
vWcneeXhNUk,2025-10-04,77,804805,8539,118
WMsm9VWwEqE,2025-10-04,78,86157,135,2
E8B7X2xXZRc,2025-10-04,79,99718,1414,56
JEsZhLEMNaw,2025-10-04,80,54369,9888,1649
ilMS6taeKTM,2025-10-04,81,225685,4110,236
V5bGfin5Kow,2025-10-04,82,429866,2259,93
5AojR_fAZH8,2025-10-04,83,145989,894,52
kU_AfDuc3Cc,2025-10-04,84,183756,1813,94
KRr0i2akDlk,2025-10-04,85,3246657,108556,2282
GWUNVj7XJd8,2025-10-04,86,89644,510,9
K794asIvEJE,2025-10-04,87,137998,19491,11262
67sWVZSuXnM,2025-10-04,88,1528588,80040,4145
ou-eBcDsGQg,2025-10-04,89,243528,4156,370
-ne8iFefgpc,2025-10-04,90,159369,7890,342
igItYygsrqg,2025-10-04,91,1152786,90614,6857
NoydFRnnUXY,2025-10-04,92,139701,1434,134
JheZ9dLZgbE,2025-10-04,93,724474,7966,393
TyehaVMjkKc,2025-10-04,94,623306,86656,6476
6qTbCGtP1uA,2025-10-04,95,531034,6648,458
pKGHdpuvq7s,2025-10-04,96,81355,788,68
xTbnBEt8l5g,2025-10-04,97,76206,4807,136
0XX6TG-Z0WE,2025-10-04,98,103851,542,7
Aeu1GFEH0Ik,2025-10-04,99,860963,3809,3
jBY3u8u4tus,2025-10-04,100,343889,637,6
bcJ-sUa8-ps,2025-10-04,101,214021,3944,155
yMFX5sN0akY,2025-10-04,102,53284,1545,36
wP4QgKC87Yc,2025-10-04,103,397415,2689,0
Kv9y-wtuOVo,2025-10-04,104,96173,468,9
RAkEDxGHHwI,2025-10-04,105,170659,21582,3057
oSniUiOm0VI,2025-10-04,106,40546,5005,2506
aL3u1FfYexs,2025-10-04,107,377644,2736,0
210pxASzmgE,2025-10-04,108,26013,202,6
jw-SWf0K_J8,2025-10-04,109,284831,1985,11
ni_IiixSUJo,2025-10-04,110,810455,7288,309
MMBfiSjVgLY,2025-10-04,111,441848,3658,168
sbodt2jtulM,2025-10-04,112,124281,11004,703
02tFqeA_AoQ,2025-10-04,113,670424,10785,31
H6l0q4l2NLo,2025-10-04,114,32312074,437264,51624
QibORNxEuBM,2025-10-04,115,260379,4124,0
93FkozMf2lw,2025-10-04,116,382191,1437,43
-H_3wy5Pzho,2025-10-04,117,35408,491,37
2Pta29pxTbk,2025-10-04,118,766422,23341,1055
vQC1kOPyhek,2025-10-04,119,258487,28775,542
6NLeuFNryf0,2025-10-04,120,75505,408,4
mMWWhzCgY4M,2025-10-04,121,229760,1425,0
4Jyec9rOlGY,2025-10-04,122,67074,330,17
fNbQwkDqduI,2025-10-04,123,789723,32716,3077
XA_uBJjutgc,2025-10-04,124,796931,6605,38
QyVOLWTVi-Q,2025-10-04,125,94094,5359,656
Q2iSihhliYk,2025-10-04,126,215601,18087,2002
o6jkqCgIJGI,2025-10-04,127,520438,6088,2
ThliCHl33Bo,2025-10-04,128,245547,13824,777
XfzCxtaPg98,2025-10-04,129,86094,4449,225
dbVdgpf1Ygs,2025-10-04,130,1066878,2437,20
zxw7x0HGNL8,2025-10-04,131,220088,16586,991
Vimuy_AzWB0,2025-10-04,132,80492,684,43
-qHuaHee2YA,2025-10-04,133,95686,1467,344
RuCm4n6nNoo,2025-10-04,134,506735,19820,0
DeLBkp6wilo,2025-10-04,135,88666,3535,1255
617mPKsuzCQ,2025-10-04,136,190962,985,7
YvMeeljjB5E,2025-10-04,137,78004,2856,221
LBeGV7eKul4,2025-10-04,138,287643,910,8
ecyZT1bl1AU,2025-10-04,139,72813,3643,355
LYZGTDQ9Xlc,2025-10-04,140,25982,118,2
CixaDs0KX2o,2025-10-04,141,114894,5156,272
cu-K77qu-90,2025-10-04,142,251965,475,10
uATlpJZxWXc,2025-10-04,143,121045,1875,26
3ABO7UlaBHE,2025-10-04,144,49100,896,69
RDQ8rKZALsU,2025-10-04,145,321745,18603,2000
Pv8y7nT1f_Y,2025-10-04,146,294348,11227,588
-uqLA-ucVbM,2025-10-04,147,218362,10152,19
Ka7Jp0ITasQ,2025-10-04,148,17595,129,12
olMgGtaEs2A,2025-10-04,149,60953,0,13
5vwyV6lISUg,2025-10-04,150,75625,143,2
A6HnKwn8vOg,2025-10-04,151,145456,540,0
03VCOfPR3m4,2025-10-04,152,209413,0,47
KFlmyk3yaJY,2025-10-04,153,875520,6555,590
Au3pUz_HvvA,2025-10-04,154,50205,491,14
Kc7NviHyshU,2025-10-04,155,260035,8149,0
lSel9b5lhpg,2025-10-04,156,145168,902,30
Y4gl_QKezCk,2025-10-04,157,79679,1929,3
-25zAeAkegI,2025-10-04,158,2825624,144262,12549
Ts62eVDZNhk,2025-10-04,159,131786,1338,113
NnyoTHLqses,2025-10-04,160,15263,99,6
m752qjuhCEg,2025-10-04,161,55384,6556,566
Hy_gdk-2Wu0,2025-10-04,162,67451,438,26
VAImDf4Sgto,2025-10-04,163,1106134,65207,3638
g_3S45gKy1Q,2025-10-04,164,42196,165,4
51EWPGNaEhw,2025-10-04,165,62924,1832,116
csb9oF4kxGs,2025-10-04,166,71323,917,102
7MvJ5ZlBX6c,2025-10-04,167,176270,18353,792
1rocWh6JM_Q,2025-10-04,168,484995,1428,37
n2PJqaHUI0Q,2025-10-04,169,313507,4204,1
gV4RvMW0cWw,2025-10-04,170,32182,341,41
CWmszdLzXpI,2025-10-04,171,54283,7890,386
8FVnzh7s3l4,2025-10-04,172,146948,2868,107
RCSiFsbRU2U,2025-10-04,173,115969,3541,806
qZCktlYX3Xc,2025-10-04,174,154308,1206,61
dp13_3lFV0I,2025-10-04,175,146631,1654,0
ylZjfgcnZLU,2025-10-04,176,1021015,15579,781
C60dgFKt7nI,2025-10-04,177,154774,497,6
aQ3docr5pSE,2025-10-04,178,32132,171,6
8Mvfn-k57I0,2025-10-04,179,195572,3515,95
P-ODL0IgYlw,2025-10-04,180,1512360,21028,2073
402ximQxSzI,2025-10-04,181,1474546,18880,91
AsiZWslcW7Q,2025-10-04,182,33841,272,0
3la0Rr35QYc,2025-10-04,183,100109,1296,10
0c7LZALhzxY,2025-10-04,184,202169,3202,0
LIhzayoJ1YY,2025-10-04,185,130460,5033,212
yR4L6Q_8FOU,2025-10-04,186,25409,886,26
FIX0HTCpdis,2025-10-04,187,175718,2216,10
XD8_2W3Lu9A,2025-10-04,188,13603,73,1
uIcftxB47IA,2025-10-04,189,44881,959,101
bW61Po_L6Qs,2025-10-04,190,18486,190,7
4eAsrtJJ-xA,2025-10-04,191,214873,15695,1154
t3fA7OesUU4,2025-10-04,192,24594,127,4
73ZFIH_uqWY,2025-10-04,193,82277,1716,9
gC3T0cc5jUA,2025-10-04,194,97454,273,6
ypquutBfNFg,2025-10-04,195,140904,795,42
wC7PHn_TfrI,2025-10-04,196,619806,19655,0
ggy0viVkrWw,2025-10-04,197,178165,660,1
z-0haI5ZrmY,2025-10-04,198,34309,923,14
Ka5dAIs50uk,2025-10-04,199,90720,11366,1208
PeEEWYKkf98,2025-10-04,200,41636,2887,107
oLTe_ZXIEdE,2025-10-07,1,8772052,260413,12391
ED544Luc71o,2025-10-07,2,376309,13034,473
m5QrMzN7PGs,2025-10-07,3,2366233,74435,258
VCXgLoKE7bg,2025-10-07,4,284571,24199,994
CY7m0KgIHmQ,2025-10-07,5,347328,2141,53
y0r3ycFfg-M,2025-10-07,6,1156193,67255,8953
ko70cExuzZM,2025-10-07,7,16455649,898539,43939
6RNdL_gjpAs,2025-10-07,8,130886,4884,213
YSpmkwpEbL0,2025-10-07,9,1818803,22834,1833
AqUonMjxaog,2025-10-07,10,491778,3977,0
D3Se71O96i0,2025-10-07,11,3000639,126756,6829
A8B61clzr_Y,2025-10-07,12,1097775,63526,1323
YbjdmLVXyHs,2025-10-07,13,339159,29735,3502
AqbIRNL-vFo,2025-10-07,14,1150777,26034,725
OJv16uPuO9g,2025-10-07,15,3085018,33703,3275
T9ILED9zA6E,2025-10-07,16,163050,1786,221
cDL3Zjdz514,2025-10-07,17,866069,23520,1912
vcoHwSMsHog,2025-10-07,18,929546,11021,734
1TRGxRGcyN0,2025-10-07,19,145822,1131,83
t1huaCOto2k,2025-10-07,20,741777,9626,404
DNdGocGwSpo,2025-10-07,21,1707848,32033,3115
JH1Wk6kB8To,2025-10-07,22,1120500,137052,14627
ZGn3Qj3-pHc,2025-10-07,23,1289897,5693,68
bQtZbwpbUlM,2025-10-07,24,873108,28276,2512
_5c6EmJurxc,2025-10-07,25,1311366,99460,2997
zvO9tNMSKTM,2025-10-07,26,293850,4370,91
6mCywTW1wcs,2025-10-07,27,473725,28672,35
CxnP8oR9n00,2025-10-07,28,150860,1541,97
qR-z_27Dj7k,2025-10-07,29,889710,3650,159
tomGtOIlF54,2025-10-07,30,860986,4607,2
8S63oMM9mms,2025-10-07,31,188135,1362,87
jHOnAk1dJBY,2025-10-07,32,219316,2103,45
YrGPYXCoD5M,2025-10-07,33,580428,7517,2
s8ieycCJZwE,2025-10-07,34,391213,13822,278
i-8w5yDwukA,2025-10-07,35,20575193,572913,16505
fH9hTr4LSLg,2025-10-07,36,404751,5696,416
x8REGvjjUYk,2025-10-07,37,123353,651,8
6F9zpvbsQ6g,2025-10-07,38,300213,5257,138
ByYfGWyo5Qc,2025-10-07,39,820833,6639,2
L8sJ8ZP43_4,2025-10-07,40,788711,4228,201
AGTVx1v_79k,2025-10-07,41,98044,3097,80
SjtOCuYmQXk,2025-10-07,42,210961,18258,783
f0FCLpLCV5I,2025-10-07,43,27621,289,1
rae7NrU40X8,2025-10-07,44,15716,1041,136
8VdHp0ZoryE,2025-10-07,45,6229866,402778,51752
n0RIgky8nzc,2025-10-07,46,5756720,59922,1794
eW-nFonrsnA,2025-10-07,47,126078,5282,515
F_Uw10vgjZM,2025-10-07,48,529632,32099,4158
-yaUiBlOYn0,2025-10-07,49,1962800,75742,1289
EDxDQfxO0xc,2025-10-07,50,331674,33577,1365
2hiEFxxdVg8,2025-10-07,51,418764,19359,858
TSZawkBT-VE,2025-10-07,52,54157,1550,15
cF0z6quD8pQ,2025-10-07,53,181130,1653,27
gwPiQCKMCS0,2025-10-07,54,258934,667,16
wheyCq4k8W8,2025-10-07,55,52891,8173,628
o6vdd4AbqJ4,2025-10-07,56,669847,13882,1323
r5lifKt5wK0,2025-10-07,57,934099,15754,471
lEBC3Fhme70,2025-10-07,58,234571,3658,223
M7NX_14oOl8,2025-10-07,59,332166,1572,31
k6XPhTeEgVE,2025-10-07,60,358951,4607,143
GpCHhlz7Vlw,2025-10-07,61,258427,36199,5083
iR-MfnaIrPk,2025-10-07,62,350263,8146,593
Q4k0zg4Hi64,2025-10-07,63,47494,190,5
XtdH7tIxZBU,2025-10-07,64,745077,4341,1
oePD_YISjks,2025-10-07,65,472663,16092,975
Y-l5w__hFL4,2025-10-07,66,245919,4870,1114
FhMGa0myStY,2025-10-07,67,84843,902,113
K-i78d-fXf4,2025-10-07,68,383802,22097,454
5XKTuVTmDWo,2025-10-07,69,135071,974,72
ZFqRtVJnvvQ,2025-10-07,70,667083,10349,0
nm2-pZ31uWY,2025-10-07,71,149465,1354,104
PuV2cBrOKGA,2025-10-07,72,533771,3134,3
V2j_yTN15SY,2025-10-07,73,142712,672,18
2Zqu6COA2WI,2025-10-07,74,184984,4625,8
FSsr0Qi58_E,2025-10-07,75,85383,338,6
M2Q1p3BNoC0,2025-10-07,76,914860,8539,741
4_lahvmxMSg,2025-10-07,77,34130,243,6
Xpe7fKZBx3E,2025-10-07,78,1232713,5582,134
rZ8uVuIPUqg,2025-10-07,79,1315094,46122,4233
XZhXFbFCOu4,2025-10-07,80,4509398,88835,3887
h5vG6jFpwuc,2025-10-07,81,81540,594,24
yWENuVpdimY,2025-10-07,82,298191,23158,4301
HFpgAkgBwSA,2025-10-07,83,269572,12807,353
WQYCffFVhpk,2025-10-07,84,477340,1951,19
fTB08H60ZGs,2025-10-07,85,92419,1054,0
4zR2ciFT3ZU,2025-10-07,86,51291,0,3
Ajdy4zbmX3c,2025-10-07,87,3187737,140676,19194
ygKr-iIlMvM,2025-10-07,88,631033,8123,0
4K8BWfyL-Sw,2025-10-07,89,64386,480,17
caJFuDBdlMA,2025-10-07,90,156301,6129,294
zSWXy3910lg,2025-10-07,91,235877,16089,1000
qCOlqcq43dI,2025-10-07,92,220857,19560,1245
jIykj3qIIjE,2025-10-07,93,64338,465,11
I53VoZT2uwY,2025-10-07,94,254299,20259,2138
heYWQy7glB8,2025-10-07,95,44788,344,9
pnqzTpN0NZQ,2025-10-07,96,185194,14490,1291
6hQ7yZIh9K4,2025-10-07,97,96918,1819,118
AZybiYqsgbM,2025-10-07,98,331747,1374,18
tBqQTj6vVz0,2025-10-07,99,66850,645,4
tnqgMJ5bIlE,2025-10-07,100,198017,2039,119
hRNAVOzOukU,2025-10-07,101,231693,1166,51
NqdPc_QDinc,2025-10-07,102,169215,1482,21
7HZxinyAvrw,2025-10-07,103,5044692,25338,3509
AQDbcNhDlvQ,2025-10-07,104,106324,4738,155
4TJOiXqiHAY,2025-10-07,105,1276446,10593,264
U8tQzLcG-hs,2025-10-07,106,192594,1161,40
jT9JKmrYwAg,2025-10-07,107,97203,529,16
whkz79s00NM,2025-10-07,108,223747,24609,973
BEgeyBHqWj0,2025-10-07,109,297495,4459,145
hkRGAj88T0E,2025-10-07,110,2992307,17640,326
N6QcAvK7nhk,2025-10-07,111,28171,99,9
433aNfJ18b4,2025-10-07,112,311443,43481,1406
AZC6zq2h85s,2025-10-07,113,73539,1077,0
TS_eS8xe4bE,2025-10-07,114,102534,321,7
ckFBhIjuVUk,2025-10-07,115,36996,371,48
O0yHmSIpo5E,2025-10-07,116,87346,8889,767
JEsZhLEMNaw,2025-10-07,117,331514,24627,3373
6yskj-7Rb6I,2025-10-07,118,214969,515,5
4OEUcrcBa8I,2025-10-07,119,56523,393,12
aTVlwV3Nvng,2025-10-07,120,326791,17830,1764
bJFoh9CdEh0,2025-10-07,121,129944,984,18
3lDOYuABfkE,2025-10-07,122,479144,5974,263
5d6OC45qEXg,2025-10-07,123,16665,50,1
EUCUq0CY-X0,2025-10-07,124,58808,3016,61
zDsqFpqbwxM,2025-10-07,125,39837,413,26
EJoGLuVrOjg,2025-10-07,126,530849,958,0
K_JkTEW_ucY,2025-10-07,127,1878481,14811,306
LNospXBXI44,2025-10-07,128,332924,4595,181
H3CSJaKlGfo,2025-10-07,129,65753,578,18
LI8OgULf3gg,2025-10-07,130,46542,1023,100
kJ6U3CRiqi4,2025-10-07,131,67881,2986,559
ttLNx_cV7OU,2025-10-07,132,177985,5877,620
u3e6zT7BG8g,2025-10-07,133,16401,106,2
U3Fq-dhkF10,2025-10-07,134,1302081,95406,8482
0COQAmW7gCo,2025-10-07,135,121800,427,23
HyaZ9r-3Wcw,2025-10-07,136,200045,12645,4377
sFmWQtXkvvE,2025-10-07,137,22131,74,2
T2CIgneroiE,2025-10-07,138,194383,19413,179
RpqI1Yq09nc,2025-10-07,139,54455,555,20
Nz2GLdh-50U,2025-10-07,140,50453,0,7
p7bGB6bVz1s,2025-10-07,141,27692,195,11
F6WmAYzsRzM,2025-10-07,142,179950,3065,1
LA-G8DKsuqA,2025-10-07,143,67452,474,18
jsO5GMp7oEA,2025-10-07,144,252078,806,7
1jjv0042tmg,2025-10-07,145,15091,45,1
3otA3_r1kGA,2025-10-07,146,157305,394,3
2hHKyNqphqk,2025-10-07,147,51459,4412,211
5tn9SWi3MQo,2025-10-07,148,30007,0,4
D5pRXv5FAhA,2025-10-07,149,24318,282,25
548Xe8E8jYs,2025-10-07,150,102199,0,16
MSkEMdA-ZYs,2025-10-07,151,10927,75,1
DeuHqdJDs5Q,2025-10-07,152,190686,7512,801
U5FgpBO2r3k,2025-10-07,153,425954,23540,1161
RzVQHdD8sPE,2025-10-07,154,28672,0,8
VN3jwDUpKks,2025-10-07,155,48310,378,7
4TgKtHNylz8,2025-10-07,156,469824,36153,2627
HOZPEYAUGlA,2025-10-07,157,185831,851,38
bmPv4W2L6XQ,2025-10-07,158,141672,3494,958
-25zAeAkegI,2025-10-07,159,3544270,178219,14775
5FifxnfDIIk,2025-10-07,160,1246080,16610,29
fgJE0ayfVF4,2025-10-07,161,13177,88,4
vAnXn7mDoq0,2025-10-07,162,345867,4071,238
YM_UxflJ6SY,2025-10-07,163,50500,404,10
T2r3TNngv4Y,2025-10-07,164,366036,7392,1
HorQBP4hswc,2025-10-07,165,62757,737,62
Tkdtj3DKwaE,2025-10-07,166,156054,2844,93
-1QMuc5518g,2025-10-07,167,36477,241,2
LH-zQFG-xb8,2025-10-07,168,54283,4444,547
CmbsfW0Ckb4,2025-10-07,169,666406,12920,514
o3kG9i8Q2X8,2025-10-07,170,62641,234,10
e-i-YBZBRsU,2025-10-07,171,22633,148,7
pHp7epS_7ws,2025-10-07,172,487005,2452,2
KxN7T7sL_L8,2025-10-07,173,40011,293,24
a4mitxibIAM,2025-10-07,174,24418,369,13
Iq1jMdMiWGo,2025-10-07,175,425087,736,8
BjJI7m-jj6k,2025-10-07,176,100356,9246,1257
D-3zkQZoZG0,2025-10-07,177,9659,3236,290
SvP8fBtisOs,2025-10-07,178,205064,9125,0
wMQh0N5PGKo,2025-10-07,179,110081,0,3
uAnVOlyxQd4,2025-10-07,180,67824,3537,292
aZ5EM1FWyvo,2025-10-07,181,33690,160,9
lMgZTSU1W88,2025-10-07,182,74380,313,3
PG_1lukPV84,2025-10-07,183,661981,4064,271
7o_9rXNHdl8,2025-10-07,184,103006,6105,18
v6KGFT7uUWA,2025-10-07,185,232057,1440,35
eWxkmlDgXX8,2025-10-07,186,133174,2271,0
SU6McXo-K6E,2025-10-07,187,5701,11340,1793
vjP_4amQhcA,2025-10-07,188,109714,1993,1
ff9t7upPv5Q,2025-10-07,189,18843,143,16
sXsTBsWqJTU,2025-10-07,190,112428,356,7
bW61Po_L6Qs,2025-10-07,191,117407,545,12
lPAQOoUMFE0,2025-10-07,192,1512890,147126,3557
WIxL6mvMDA4,2025-10-07,193,683431,18854,514
Cun4EC4YmHg,2025-10-07,194,220183,14658,76
0QMGfIZonr0,2025-10-07,195,20387,238,16
bOnQyghHxMk,2025-10-07,196,19542,0,5
jUzk7w2GiOs,2025-10-07,197,57687,207,5
2kbtcQn0x3I,2025-10-07,198,121647,2165,0
2jHh3jj-LWI,2025-10-07,199,25532,328,57
HhkqNs-U0Uw,2025-10-07,200,87033,752,13
